Workbook
Name _: #REF!
Name _: #REF!
Name _: #REF!
Name _: #REF!
Name _: #REF!
Name _?쨲?f: #REF!
Name _?쨲?f: #REF!
Name _?쨲?f: #REF!
Name _?쨲?f: #REF!
Name _?쨲?f: #REF!
Name __?쨲?f: #REF!
Name __?쨲?f: #REF!
Name __?쨲?f: #REF!
Name __?쨲?f: #REF!
Name __?쨲?f: #REF!
Name ___?쨲?f: #REF!
Name __________aof2: #REF!
Name _________aof2: #REF!
Name ________aof2: #REF!
Name _______aof2: #REF!
Name ______aof2: #REF!
Name _____aof2: #REF!
Name ____aof2: #REF!
Name ___aof2: #REF!
Name __aof2: #REF!
Name __bookmark_1: #REF!
Name _1: #REF!
Name _1_?쨲?f: #REF!
Name _2: #REF!
Name _3_piece_type_과_2_piece_type_선정: #REF!
Name _3D_Mesh_올_풀림_발생_검토: #REF!
Name _4면_단가공_Guide: #REF!
Name _5°_이상인_경우_P_L_구조: #REF!
Name _aof2: #REF!
Name √: "SQRT"
Name ▣_5°_미만인_경우_P_L_구조: #REF!
Name ▣_Battery_Cover_착탈감_Guide_2: #REF!
Name ▣_Battery_분리를_위한_공간_확보__빼기_홈: #REF!
Name ▣_Module_Assy’_선정: #REF!
Name A: #REF!
Name AAA: #REF!
Name ABS_도금_Key_Guide: #REF!
Name ABS_도금_Key_Guide_2: #REF!
Name Access_Button: "업체현황_카드발송_List"
Name Access_Button1: "업체현황_카드발송_List"
Name Access_Button2: "업체현황_카드발송_List"
Name Access_Button3: "카드발송_카드발송_List1"
Name Access_Button4: "업체현황_카드발송_List"
Name AccessDatabase: "C:\My Documents\SCD\업무연락안양식.mdb"
Name Acryl_Mold_Key_Guide: #REF!
Name Actuator_형상_및_Click감_확보: #REF!
Name AF_Camera_Key___Dome_조립_치수: #REF!
Name AF_Camera_Key_FPCB의_두께_Check: #REF!
Name AF_Camera_Key_FPCB의_두께_Check_2: #REF!
Name AF_Camera_Key_기능_사양에_따른_돌출량: #REF!
Name ahebf: #REF!
Name Air_gap_및_Air_path_구조: #REF!
Name Air_Path_체적_확보_여부_Check: #REF!
Name Air_Path_체적_확보_여부_Check_2: #REF!
Name Air_Path_체적_확보_여부를_Check: #REF!

Sheet Daily_BU설비데이터 
F1: =R2&"-"&R3&"-"&R4&" Optical Measurement" -> WINE-VDA129BLAC01- Optical Measurement
P2: • Cut. Model : | R2: WINE
P3: • Model : | R3: VDA129BLAC01
P4: • Event :
P5: • Date : | R5: 2026-
P6: • Measure M/C : | R6: CA-410
P7: • Measure Q'ty : | R7: =COUNTA(C20:C697)&"ea" -> 0ea
B9: No. | C9: 구분 | F9: RED | H9: GREEN | J9: BLUE | L9: 색재현율 | M9: White | P9: Black | Q9: CR | R9: GCS | S9: Uniformity | U9: CCT | V9: ADIM | X9: Color | Z9: HEX | AA9: Remark
C10: Lot ID | D10: FOG | E10: CAL | F10: X | G10: Y | H10: X | I10: Y | J10: X | K10: Y | M10: X | N10: Y | O10: Luminance | P10: Luminance | S10: White | T10: Black | V10: Hex | W10: Luminance | X10: X | Y10: Y
B11: Spec. Min | F11: =F12-F14 -> 0.61 | G11: =G12-G14 -> 0.321 | H11: =H12-H14 -> 0.262 | I11: =I12-I14 -> 0.617 | J11: =J12-J14 -> 0.12 | K11: =K12-K14 -> 0.03 | L11: 70.8 | O11: 900 | Q11: 1000 | S11: 80 | T11: 50
B12: Spec. Typ | F12: 0.64 | G12: 0.351 | H12: 0.292 | I12: 0.647 | J12: 0.15 | K12: 0.06 | M12: 0.293 | N12: 0.32 | U12: 7800
B13: Spec. Max | F13: =F12+F14 -> 0.67 | G13: =G12+G14 -> 0.381 | H13: =H12+H14 -> 0.322 | I13: =I12+I14 -> 0.677 | J13: =J12+J14 -> 0.18 | K13: =K12+K14 -> 0.09 | O13: 945 | R13: 0.005
B14: Spec. Tol. | F14: 0.03 | G14: 0.03 | H14: 0.03 | I14: 0.03 | J14: 0.03 | K14: 0.03
B15: Avg. | F15: =AVERAGE(F20:F697) -> #DIV/0! | G15: =AVERAGE(G20:G697) -> #DIV/0! | H15: =AVERAGE(H20:H697) -> #DIV/0! | I15: =AVERAGE(I20:I697) -> #DIV/0! | J15: =AVERAGE(J20:J697) -> #DIV/0! | K15: =AVERAGE(K20:K697) -> #DIV/0! | L15: =AVERAGE(L20:L697) -> 0 | M15: =AVERAGE(M20:M697) -> #DIV/0! | ... T15: =AVERAGE(T20:T697) -> #DIV/0! | U15: =AVERAGE(U20:U76) -> 2021.2824 | V15: =AVERAGE(V20:V76) -> 2021.2824 | W15: =AVERAGE(W20:W76) -> 2021.2824 | X15: =AVERAGE(X20:X76) -> #DIV/0! | Y15: =AVERAGE(Y20:Y76) -> #DIV/0! | Z15: =AVERAGE(Z20:Z76) -> 10395.442
B16: Shift | F16: =F15-F12 -> #DIV/0! | G16: =G15-G12 -> #DIV/0! | H16: =H15-H12 -> #DIV/0! | I16: =I15-I12 -> #DIV/0! | J16: =J15-J12 -> #DIV/0! | K16: =K15-K12 -> #DIV/0! | L16: =L15-L12 -> 0 | M16: =M15-M12 -> #DIV/0! | ... Z16: =Z15-Z12 -> 10395.442
B17: Min. | F17: =MIN(F20:F697) -> 0 | G17: =MIN(G20:G697) -> 0 | H17: =MIN(H20:H697) -> 0 | I17: =MIN(I20:I697) -> 0 | J17: =MIN(J20:J697) -> 0 | K17: =MIN(K20:K697) -> 0 | L17: =MIN(L20:L697) -> 0 | M17: =MIN(M20:M697) -> 0 | ... T17: =MIN(T20:T697) -> 0 | U17: =MIN(U20:U76) -> 2021.2824 | V17: =MIN(V20:V76) -> 2021.2824 | W17: =MIN(W20:W76) -> 2021.2824 | X17: =MIN(X20:X76) -> #DIV/0! | Y17: =MIN(Y20:Y76) -> #DIV/0! | Z17: =MIN(Z20:Z76) -> 10395.442
B18: Max. | F18: =MAX(F20:F697) -> 0 | G18: =MAX(G20:G697) -> 0 | H18: =MAX(H20:H697) -> 0 | I18: =MAX(I20:I697) -> 0 | J18: =MAX(J20:J697) -> 0 | K18: =MAX(K20:K697) -> 0 | L18: =MAX(L20:L697) -> 0 | M18: =MAX(M20:M697) -> 0 | ... T18: =MAX(T20:T697) -> 0 | U18: =MAX(U20:U76) -> 2021.2824 | V18: =MAX(V20:V76) -> 2021.2824 | W18: =MAX(W20:W76) -> 2021.2824 | X18: =MAX(X20:X76) -> #DIV/0! | Y18: =MAX(Y20:Y76) -> #DIV/0! | Z18: =MAX(Z20:Z76) -> 10395.442 | AY18: Spec 표기 해당 영역 측정 수 만큼 수정
B19: CPK | D19: BU_TSP_Judge | E19: LMK_Judge | F19: =(1-ABS(((F13+F11)/2)-AVERAGE(F20:F697))/((F13-F11)/2))*((F13-F11)/(STDEV(F20:F697)*6)) -> #DIV/0! | G19: =(1-ABS(((G13+G11)/2)-AVERAGE(G20:G697))/((G13-G11)/2))*((G13-G11)/(STDEV(G20:G697)*6)) -> #DIV/0! | H19: =(1-ABS(((H13+H11)/2)-AVERAGE(H20:H697))/((H13-H11)/2))*((H13-H11)/(STDEV(H20:H697)*6)) -> #DIV/0! | I19: =(1-ABS(((I13+I11)/2)-AVERAGE(I20:I697))/((I13-I11)/2))*((I13-I11)/(STDEV(I20:I697)*6)) -> #DIV/0! | J19: =(1-ABS(((J13+J11)/2)-AVERAGE(J20:J697))/((J13-J11)/2))*((J13-J11)/(STDEV(J20:J697)*6)) -> #DIV/0! | K19: =(1-ABS(((K13+K11)/2)-AVERAGE(K20:K697))/((K13-K11)/2))*((K13-K11)/(STDEV(K20:K697)*6)) -> #DIV/0! | L19: =((AVERAGE(L20:L697)-L11)/(3*STDEV(L20:L697))) -> #DIV/0! | M19: =(1-ABS(((M13+M11)/2)-AVERAGE(M20:M697))/((M13-M11)/2))*((M13-M11)/(STDEV(M20:M697)*6)) -> #DIV/0! | N19: =(1-ABS(((N13+N11)/2)-AVERAGE(N20:N697))/((N13-N11)/2))*((N13-N11)/(STDEV(N20:N697)*6)) -> #DIV/0! | O19: =((AVERAGE(O20:O697)-O11)/(3*STDEV(O20:O697))) -> #DIV/0! | P19: =(1-ABS(((P13+P11)/2)-AVERAGE(P20:P697))/((P13-P11)/2))*((P13-P11)/(STDEV(P20:P697)*6)) -> #DIV/0! | Q19: =((AVERAGE(Q20:Q697)-Q11)/(3*STDEV(Q20:Q697))) -> #DIV/0! | R19: =(R13-AVERAGE(R20:R697))/(3*STDEV(R20:R697)) -> -8.3013508e+13 | S19: =((AVERAGE(S20:S697)-S11)/(3*STDEV(S20:S697))) -> #DIV/0! | T19: =((AVERAGE(T20:T697)-T11)/(3*STDEV(T20:T697))) -> #DIV/0! | U19: =(1-ABS(((U13+U11)/2)-AVERAGE(U20:U697))/((U13-U11)/2))*((U13-U11)/(STDEV(U20:U697)*6)) -> #DIV/0! | V19: =(1-ABS(((V13+V11)/2)-AVERAGE(V20:V697))/((V13-V11)/2))*((V13-V11)/(STDEV(V20:V697)*6)) -> #DIV/0! | W19: =(1-ABS(((W13+W11)/2)-AVERAGE(W20:W697))/((W13-W11)/2))*((W13-W11)/(STDEV(W20:W697)*6)) -> #DIV/0! | X19: =(1-ABS(((X13+X11)/2)-AVERAGE(X20:X697))/((X13-X11)/2))*((X13-X11)/(STDEV(X20:X697)*6)) -> #DIV/0! | Y19: =(1-ABS(((Y13+Y11)/2)-AVERAGE(Y20:Y697))/((Y13-Y11)/2))*((Y13-Y11)/(STDEV(Y20:Y697)*6)) -> #DIV/0! | Z19: =(1-ABS(((Z13+Z11)/2)-AVERAGE(Z20:Z697))/((Z13-Z11)/2))*((Z13-Z11)/(STDEV(Z20:Z697)*6)) -> #DIV/0! | AY19: 색재현율 Spec | AZ19: 휘도 Spec | BA19: CR Spec | BB19: GCS Spec
B20: #1 | L20: =1/2*((F20*I20+H20*K20+J20*G20)-(G20*H20+I20*J20+K20*F20))/0.1582*100 -> 0 | Q20: =O20/P20 -> #DIV/0! | R20: =SQRT(POWER(M20-$M$12,2)+POWER(N20-$N$12,2)) -> 0.43387671 | U20: =(-449*((M20-0.332)/(N20-0.1858))^3)+(3525*((M20-0.332)/(N20-0.1858))^2)+(-6823.3*(M20-0.332)/(N20-0.1858))+5520.33 -> 2021.2824 | V20: =(-449*((N20-0.332)/(O20-0.1858))^3)+(3525*((N20-0.332)/(O20-0.1858))^2)+(-6823.3*(N20-0.332)/(O20-0.1858))+5520.33 -> 2021.2824 | W20: =(-449*((O20-0.332)/(P20-0.1858))^3)+(3525*((O20-0.332)/(P20-0.1858))^2)+(-6823.3*(O20-0.332)/(P20-0.1858))+5520.33 -> 2021.2824 | X20: =(-449*((P20-0.332)/(Q20-0.1858))^3)+(3525*((P20-0.332)/(Q20-0.1858))^2)+(-6823.3*(P20-0.332)/(Q20-0.1858))+5520.33 -> #DIV/0! | Y20: =(-449*((Q20-0.332)/(R20-0.1858))^3)+(3525*((Q20-0.332)/(R20-0.1858))^2)+(-6823.3*(Q20-0.332)/(R20-0.1858))+5520.33 -> #DIV/0! | Z20: =(-449*((R20-0.332)/(S20-0.1858))^3)+(3525*((R20-0.332)/(S20-0.1858))^2)+(-6823.3*(R20-0.332)/(S20-0.1858))+5520.33 -> 10395.442
B21: #2 | L21: =1/2*((F21*I21+H21*K21+J21*G21)-(G21*H21+I21*J21+K21*F21))/0.1582*100 -> 0 | Q21: =O21/P21 -> #DIV/0! | R21: =SQRT(POWER(M21-$M$12,2)+POWER(N21-$N$12,2)) -> 0.43387671 | U21: =(-449*((M21-0.332)/(N21-0.1858))^3)+(3525*((M21-0.332)/(N21-0.1858))^2)+(-6823.3*(M21-0.332)/(N21-0.1858))+5520.33 -> 2021.2824
B22: #3 | L22: =1/2*((F22*I22+H22*K22+J22*G22)-(G22*H22+I22*J22+K22*F22))/0.1582*100 -> 0 | Q22: =O22/P22 -> #DIV/0! | R22: =SQRT(POWER(M22-$M$12,2)+POWER(N22-$N$12,2)) -> 0.43387671 | U22: =(-449*((M22-0.332)/(N22-0.1858))^3)+(3525*((M22-0.332)/(N22-0.1858))^2)+(-6823.3*(M22-0.332)/(N22-0.1858))+5520.33 -> 2021.2824
B23: #4 | L23: =1/2*((F23*I23+H23*K23+J23*G23)-(G23*H23+I23*J23+K23*F23))/0.1582*100 -> 0 | Q23: =O23/P23 -> #DIV/0! | R23: =SQRT(POWER(M23-$M$12,2)+POWER(N23-$N$12,2)) -> 0.43387671 | U23: =(-449*((M23-0.332)/(N23-0.1858))^3)+(3525*((M23-0.332)/(N23-0.1858))^2)+(-6823.3*(M23-0.332)/(N23-0.1858))+5520.33 -> 2021.2824 | AY23: =$L$11 -> 70.8 | AZ23: =$O$11 -> 900 | BA23: =$Q$11 -> 1000 | BB23: =$R$13 -> 0.005
B24: #5 | L24: =1/2*((F24*I24+H24*K24+J24*G24)-(G24*H24+I24*J24+K24*F24))/0.1582*100 -> 0 | Q24: =O24/P24 -> #DIV/0! | R24: =SQRT(POWER(M24-$M$12,2)+POWER(N24-$N$12,2)) -> 0.43387671 | U24: =(-449*((M24-0.332)/(N24-0.1858))^3)+(3525*((M24-0.332)/(N24-0.1858))^2)+(-6823.3*(M24-0.332)/(N24-0.1858))+5520.33 -> 2021.2824 | AY24: =$L$11 -> 70.8 | AZ24: =$O$11 -> 900 | BA24: =$Q$11 -> 1000 | BB24: =$R$13 -> 0.005
B25: #6 | L25: =1/2*((F25*I25+H25*K25+J25*G25)-(G25*H25+I25*J25+K25*F25))/0.1582*100 -> 0 | Q25: =O25/P25 -> #DIV/0! | R25: =SQRT(POWER(M25-$M$12,2)+POWER(N25-$N$12,2)) -> 0.43387671 | U25: =(-449*((M25-0.332)/(N25-0.1858))^3)+(3525*((M25-0.332)/(N25-0.1858))^2)+(-6823.3*(M25-0.332)/(N25-0.1858))+5520.33 -> 2021.2824 | AY25: =$L$11 -> 70.8 | AZ25: =$O$11 -> 900 | BA25: =$Q$11 -> 1000 | BB25: =$R$13 -> 0.005
B26: #7 | L26: =1/2*((F26*I26+H26*K26+J26*G26)-(G26*H26+I26*J26+K26*F26))/0.1582*100 -> 0 | Q26: =O26/P26 -> #DIV/0! | R26: =SQRT(POWER(M26-$M$12,2)+POWER(N26-$N$12,2)) -> 0.43387671 | U26: =(-449*((M26-0.332)/(N26-0.1858))^3)+(3525*((M26-0.332)/(N26-0.1858))^2)+(-6823.3*(M26-0.332)/(N26-0.1858))+5520.33 -> 2021.2824 | AY26: =$L$11 -> 70.8 | AZ26: =$O$11 -> 900 | BA26: =$Q$11 -> 1000 | BB26: =$R$13 -> 0.005
B27: #8 | L27: =1/2*((F27*I27+H27*K27+J27*G27)-(G27*H27+I27*J27+K27*F27))/0.1582*100 -> 0 | Q27: =O27/P27 -> #DIV/0! | R27: =SQRT(POWER(M27-$M$12,2)+POWER(N27-$N$12,2)) -> 0.43387671 | U27: =(-449*((M27-0.332)/(N27-0.1858))^3)+(3525*((M27-0.332)/(N27-0.1858))^2)+(-6823.3*(M27-0.332)/(N27-0.1858))+5520.33 -> 2021.2824 | AY27: =$L$11 -> 70.8 | AZ27: =$O$11 -> 900 | BA27: =$Q$11 -> 1000 | BB27: =$R$13 -> 0.005
B28: #9 | L28: =1/2*((F28*I28+H28*K28+J28*G28)-(G28*H28+I28*J28+K28*F28))/0.1582*100 -> 0 | Q28: =O28/P28 -> #DIV/0! | R28: =SQRT(POWER(M28-$M$12,2)+POWER(N28-$N$12,2)) -> 0.43387671 | U28: =(-449*((M28-0.332)/(N28-0.1858))^3)+(3525*((M28-0.332)/(N28-0.1858))^2)+(-6823.3*(M28-0.332)/(N28-0.1858))+5520.33 -> 2021.2824 | AY28: =$L$11 -> 70.8 | AZ28: =$O$11 -> 900 | BA28: =$Q$11 -> 1000 | BB28: =$R$13 -> 0.005
B29: #10 | L29: =1/2*((F29*I29+H29*K29+J29*G29)-(G29*H29+I29*J29+K29*F29))/0.1582*100 -> 0 | Q29: =O29/P29 -> #DIV/0! | R29: =SQRT(POWER(M29-$M$12,2)+POWER(N29-$N$12,2)) -> 0.43387671 | U29: =(-449*((M29-0.332)/(N29-0.1858))^3)+(3525*((M29-0.332)/(N29-0.1858))^2)+(-6823.3*(M29-0.332)/(N29-0.1858))+5520.33 -> 2021.2824 | AY29: =$L$11 -> 70.8 | AZ29: =$O$11 -> 900 | BA29: =$Q$11 -> 1000 | BB29: =$R$13 -> 0.005
B30: #11 | L30: =1/2*((F30*I30+H30*K30+J30*G30)-(G30*H30+I30*J30+K30*F30))/0.1582*100 -> 0 | Q30: =O30/P30 -> #DIV/0! | R30: =SQRT(POWER(M30-$M$12,2)+POWER(N30-$N$12,2)) -> 0.43387671 | U30: =(-449*((M30-0.332)/(N30-0.1858))^3)+(3525*((M30-0.332)/(N30-0.1858))^2)+(-6823.3*(M30-0.332)/(N30-0.1858))+5520.33 -> 2021.2824 | AQ30: 0.61 | AR30: 0.321 | AY30: =$L$11 -> 70.8 | AZ30: =$O$11 -> 900 | BA30: =$Q$11 -> 1000 | BB30: =$R$13 -> 0.005
B31: #12 | L31: =1/2*((F31*I31+H31*K31+J31*G31)-(G31*H31+I31*J31+K31*F31))/0.1582*100 -> 0 | Q31: =O31/P31 -> #DIV/0! | R31: =SQRT(POWER(M31-$M$12,2)+POWER(N31-$N$12,2)) -> 0.43387671 | U31: =(-449*((M31-0.332)/(N31-0.1858))^3)+(3525*((M31-0.332)/(N31-0.1858))^2)+(-6823.3*(M31-0.332)/(N31-0.1858))+5520.33 -> 2021.2824 | AH31: 0.298 | AI31: 0.325 | AQ31: 0.61 | AR31: 0.381 | AY31: =$L$11 -> 70.8 | AZ31: =$O$11 -> 900 | BA31: =$Q$11 -> 1000 | BB31: =$R$13 -> 0.005
B32: #13 | L32: =1/2*((F32*I32+H32*K32+J32*G32)-(G32*H32+I32*J32+K32*F32))/0.1582*100 -> 0 | Q32: =O32/P32 -> #DIV/0! | R32: =SQRT(POWER(M32-$M$12,2)+POWER(N32-$N$12,2)) -> 0.43387671 | U32: =(-449*((M32-0.332)/(N32-0.1858))^3)+(3525*((M32-0.332)/(N32-0.1858))^2)+(-6823.3*(M32-0.332)/(N32-0.1858))+5520.33 -> 2021.2824 | AH32: 0.298 | AI32: 0.315 | AQ32: 0.67 | AR32: 0.381 | AY32: =$L$11 -> 70.8 | AZ32: =$O$11 -> 900 | BA32: =$Q$11 -> 1000 | BB32: =$R$13 -> 0.005
B33: #14 | L33: =1/2*((F33*I33+H33*K33+J33*G33)-(G33*H33+I33*J33+K33*F33))/0.1582*100 -> 0 | Q33: =O33/P33 -> #DIV/0! | R33: =SQRT(POWER(M33-$M$12,2)+POWER(N33-$N$12,2)) -> 0.43387671 | U33: =(-449*((M33-0.332)/(N33-0.1858))^3)+(3525*((M33-0.332)/(N33-0.1858))^2)+(-6823.3*(M33-0.332)/(N33-0.1858))+5520.33 -> 2021.2824 | AH33: 0.288 | AI33: 0.315 | AQ33: 0.67 | AR33: 0.321 | AY33: =$L$11 -> 70.8 | AZ33: =$O$11 -> 900 | BA33: =$Q$11 -> 1000 | BB33: =$R$13 -> 0.005
B34: #15 | L34: =1/2*((F34*I34+H34*K34+J34*G34)-(G34*H34+I34*J34+K34*F34))/0.1582*100 -> 0 | Q34: =O34/P34 -> #DIV/0! | R34: =SQRT(POWER(M34-$M$12,2)+POWER(N34-$N$12,2)) -> 0.43387671 | U34: =(-449*((M34-0.332)/(N34-0.1858))^3)+(3525*((M34-0.332)/(N34-0.1858))^2)+(-6823.3*(M34-0.332)/(N34-0.1858))+5520.33 -> 2021.2824 | AQ34: 0.61 | AR34: 0.321 | AY34: =$L$11 -> 70.8 | AZ34: =$O$11 -> 900 | BA34: =$Q$11 -> 1000 | BB34: =$R$13 -> 0.005
B35: #16 | L35: =1/2*((F35*I35+H35*K35+J35*G35)-(G35*H35+I35*J35+K35*F35))/0.1582*100 -> 0 | Q35: =O35/P35 -> #DIV/0! | R35: =SQRT(POWER(M35-$M$12,2)+POWER(N35-$N$12,2)) -> 0.43387671 | U35: =(-449*((M35-0.332)/(N35-0.1858))^3)+(3525*((M35-0.332)/(N35-0.1858))^2)+(-6823.3*(M35-0.332)/(N35-0.1858))+5520.33 -> 2021.2824 | AY35: =$L$11 -> 70.8 | AZ35: =$O$11 -> 900 | BA35: =$Q$11 -> 1000 | BB35: =$R$13 -> 0.005
B36: #17 | L36: =1/2*((F36*I36+H36*K36+J36*G36)-(G36*H36+I36*J36+K36*F36))/0.1582*100 -> 0 | Q36: =O36/P36 -> #DIV/0! | R36: =SQRT(POWER(M36-$M$12,2)+POWER(N36-$N$12,2)) -> 0.43387671 | U36: =(-449*((M36-0.332)/(N36-0.1858))^3)+(3525*((M36-0.332)/(N36-0.1858))^2)+(-6823.3*(M36-0.332)/(N36-0.1858))+5520.33 -> 2021.2824 | AY36: =$L$11 -> 70.8 | AZ36: =$O$11 -> 900 | BA36: =$Q$11 -> 1000 | BB36: =$R$13 -> 0.005
B37: #18 | L37: =1/2*((F37*I37+H37*K37+J37*G37)-(G37*H37+I37*J37+K37*F37))/0.1582*100 -> 0 | Q37: =O37/P37 -> #DIV/0! | R37: =SQRT(POWER(M37-$M$12,2)+POWER(N37-$N$12,2)) -> 0.43387671 | U37: =(-449*((M37-0.332)/(N37-0.1858))^3)+(3525*((M37-0.332)/(N37-0.1858))^2)+(-6823.3*(M37-0.332)/(N37-0.1858))+5520.33 -> 2021.2824 | AY37: =$L$11 -> 70.8 | AZ37: =$O$11 -> 900 | BA37: =$Q$11 -> 1000 | BB37: =$R$13 -> 0.005
B38: #19 | L38: =1/2*((F38*I38+H38*K38+J38*G38)-(G38*H38+I38*J38+K38*F38))/0.1582*100 -> 0 | Q38: =O38/P38 -> #DIV/0! | R38: =SQRT(POWER(M38-$M$12,2)+POWER(N38-$N$12,2)) -> 0.43387671 | U38: =(-449*((M38-0.332)/(N38-0.1858))^3)+(3525*((M38-0.332)/(N38-0.1858))^2)+(-6823.3*(M38-0.332)/(N38-0.1858))+5520.33 -> 2021.2824 | AY38: =$L$11 -> 70.8 | AZ38: =$O$11 -> 900 | BA38: =$Q$11 -> 1000 | BB38: =$R$13 -> 0.005
B39: #20 | L39: =1/2*((F39*I39+H39*K39+J39*G39)-(G39*H39+I39*J39+K39*F39))/0.1582*100 -> 0 | Q39: =O39/P39 -> #DIV/0! | R39: =SQRT(POWER(M39-$M$12,2)+POWER(N39-$N$12,2)) -> 0.43387671 | U39: =(-449*((M39-0.332)/(N39-0.1858))^3)+(3525*((M39-0.332)/(N39-0.1858))^2)+(-6823.3*(M39-0.332)/(N39-0.1858))+5520.33 -> 2021.2824 | AY39: =$L$11 -> 70.8 | AZ39: =$O$11 -> 900 | BA39: =$Q$11 -> 1000 | BB39: =$R$13 -> 0.005
B40: #21 | L40: =1/2*((F40*I40+H40*K40+J40*G40)-(G40*H40+I40*J40+K40*F40))/0.1582*100 -> 0 | Q40: =O40/P40 -> #DIV/0! | R40: =SQRT(POWER(M40-$M$12,2)+POWER(N40-$N$12,2)) -> 0.43387671 | U40: =(-449*((M40-0.332)/(N40-0.1858))^3)+(3525*((M40-0.332)/(N40-0.1858))^2)+(-6823.3*(M40-0.332)/(N40-0.1858))+5520.33 -> 2021.2824 | AY40: =$L$11 -> 70.8 | AZ40: =$O$11 -> 900 | BA40: =$Q$11 -> 1000 | BB40: =$R$13 -> 0.005
B41: #22 | L41: =1/2*((F41*I41+H41*K41+J41*G41)-(G41*H41+I41*J41+K41*F41))/0.1582*100 -> 0 | Q41: =O41/P41 -> #DIV/0! | R41: =SQRT(POWER(M41-$M$12,2)+POWER(N41-$N$12,2)) -> 0.43387671 | U41: =(-449*((M41-0.332)/(N41-0.1858))^3)+(3525*((M41-0.332)/(N41-0.1858))^2)+(-6823.3*(M41-0.332)/(N41-0.1858))+5520.33 -> 2021.2824 | AY41: =$L$11 -> 70.8 | AZ41: =$O$11 -> 900 | BA41: =$Q$11 -> 1000 | BB41: =$R$13 -> 0.005
B42: #23 | L42: =1/2*((F42*I42+H42*K42+J42*G42)-(G42*H42+I42*J42+K42*F42))/0.1582*100 -> 0 | Q42: =O42/P42 -> #DIV/0! | R42: =SQRT(POWER(M42-$M$12,2)+POWER(N42-$N$12,2)) -> 0.43387671 | U42: =(-449*((M42-0.332)/(N42-0.1858))^3)+(3525*((M42-0.332)/(N42-0.1858))^2)+(-6823.3*(M42-0.332)/(N42-0.1858))+5520.33 -> 2021.2824 | AY42: =$L$11 -> 70.8 | AZ42: =$O$11 -> 900 | BA42: =$Q$11 -> 1000 | BB42: =$R$13 -> 0.005
B43: #24 | L43: =1/2*((F43*I43+H43*K43+J43*G43)-(G43*H43+I43*J43+K43*F43))/0.1582*100 -> 0 | Q43: =O43/P43 -> #DIV/0! | R43: =SQRT(POWER(M43-$M$12,2)+POWER(N43-$N$12,2)) -> 0.43387671 | U43: =(-449*((M43-0.332)/(N43-0.1858))^3)+(3525*((M43-0.332)/(N43-0.1858))^2)+(-6823.3*(M43-0.332)/(N43-0.1858))+5520.33 -> 2021.2824 | AY43: =$L$11 -> 70.8 | AZ43: =$O$11 -> 900 | BA43: =$Q$11 -> 1000 | BB43: =$R$13 -> 0.005
B44: #25 | L44: =1/2*((F44*I44+H44*K44+J44*G44)-(G44*H44+I44*J44+K44*F44))/0.1582*100 -> 0 | Q44: =O44/P44 -> #DIV/0! | R44: =SQRT(POWER(M44-$M$12,2)+POWER(N44-$N$12,2)) -> 0.43387671 | U44: =(-449*((M44-0.332)/(N44-0.1858))^3)+(3525*((M44-0.332)/(N44-0.1858))^2)+(-6823.3*(M44-0.332)/(N44-0.1858))+5520.33 -> 2021.2824 | AY44: =$L$11 -> 70.8 | AZ44: =$O$11 -> 900 | BA44: =$Q$11 -> 1000 | BB44: =$R$13 -> 0.005
B45: #26 | L45: =1/2*((F45*I45+H45*K45+J45*G45)-(G45*H45+I45*J45+K45*F45))/0.1582*100 -> 0 | Q45: =O45/P45 -> #DIV/0! | R45: =SQRT(POWER(M45-$M$12,2)+POWER(N45-$N$12,2)) -> 0.43387671 | U45: =(-449*((M45-0.332)/(N45-0.1858))^3)+(3525*((M45-0.332)/(N45-0.1858))^2)+(-6823.3*(M45-0.332)/(N45-0.1858))+5520.33 -> 2021.2824 | AY45: =$L$11 -> 70.8 | AZ45: =$O$11 -> 900 | BA45: =$Q$11 -> 1000 | BB45: =$R$13 -> 0.005
B46: #27 | L46: =1/2*((F46*I46+H46*K46+J46*G46)-(G46*H46+I46*J46+K46*F46))/0.1582*100 -> 0 | Q46: =O46/P46 -> #DIV/0! | R46: =SQRT(POWER(M46-$M$12,2)+POWER(N46-$N$12,2)) -> 0.43387671 | U46: =(-449*((M46-0.332)/(N46-0.1858))^3)+(3525*((M46-0.332)/(N46-0.1858))^2)+(-6823.3*(M46-0.332)/(N46-0.1858))+5520.33 -> 2021.2824 | AY46: =$L$11 -> 70.8 | AZ46: =$O$11 -> 900 | BA46: =$Q$11 -> 1000 | BB46: =$R$13 -> 0.005
B47: #28 | L47: =1/2*((F47*I47+H47*K47+J47*G47)-(G47*H47+I47*J47+K47*F47))/0.1582*100 -> 0 | Q47: =O47/P47 -> #DIV/0! | R47: =SQRT(POWER(M47-$M$12,2)+POWER(N47-$N$12,2)) -> 0.43387671 | U47: =(-449*((M47-0.332)/(N47-0.1858))^3)+(3525*((M47-0.332)/(N47-0.1858))^2)+(-6823.3*(M47-0.332)/(N47-0.1858))+5520.33 -> 2021.2824 | AY47: =$L$11 -> 70.8 | AZ47: =$O$11 -> 900 | BA47: =$Q$11 -> 1000 | BB47: =$R$13 -> 0.005
B48: #29 | L48: =1/2*((F48*I48+H48*K48+J48*G48)-(G48*H48+I48*J48+K48*F48))/0.1582*100 -> 0 | Q48: =O48/P48 -> #DIV/0! | R48: =SQRT(POWER(M48-$M$12,2)+POWER(N48-$N$12,2)) -> 0.43387671 | U48: =(-449*((M48-0.332)/(N48-0.1858))^3)+(3525*((M48-0.332)/(N48-0.1858))^2)+(-6823.3*(M48-0.332)/(N48-0.1858))+5520.33 -> 2021.2824 | AH48: =H11 -> 0.262 | AI48: =I11 -> 0.617 | AQ48: =J11 -> 0.12 | AR48: =K11 -> 0.03 | AY48: =$L$11 -> 70.8 | AZ48: =$O$11 -> 900 | BA48: =$Q$11 -> 1000 | BB48: =$R$13 -> 0.005
B49: #30 | L49: =1/2*((F49*I49+H49*K49+J49*G49)-(G49*H49+I49*J49+K49*F49))/0.1582*100 -> 0 | Q49: =O49/P49 -> #DIV/0! | R49: =SQRT(POWER(M49-$M$12,2)+POWER(N49-$N$12,2)) -> 0.43387671 | U49: =(-449*((M49-0.332)/(N49-0.1858))^3)+(3525*((M49-0.332)/(N49-0.1858))^2)+(-6823.3*(M49-0.332)/(N49-0.1858))+5520.33 -> 2021.2824 | AH49: =H11 -> 0.262 | AI49: =I13 -> 0.677 | AQ49: =J11 -> 0.12 | AR49: =K13 -> 0.09 | AY49: =$L$11 -> 70.8 | AZ49: =$O$11 -> 900 | BA49: =$Q$11 -> 1000 | BB49: =$R$13 -> 0.005
B50: #31 | L50: =1/2*((F50*I50+H50*K50+J50*G50)-(G50*H50+I50*J50+K50*F50))/0.1582*100 -> 0 | Q50: =O50/P50 -> #DIV/0! | R50: =SQRT(POWER(M50-$M$12,2)+POWER(N50-$N$12,2)) -> 0.43387671 | U50: =(-449*((M50-0.332)/(N50-0.1858))^3)+(3525*((M50-0.332)/(N50-0.1858))^2)+(-6823.3*(M50-0.332)/(N50-0.1858))+5520.33 -> 2021.2824 | AH50: =H13 -> 0.322 | AI50: =I13 -> 0.677 | AQ50: =J13 -> 0.18 | AR50: =K13 -> 0.09 | AY50: =$L$11 -> 70.8 | AZ50: =$O$11 -> 900 | BA50: =$Q$11 -> 1000 | BB50: =$R$13 -> 0.005
B51: #32 | L51: =1/2*((F51*I51+H51*K51+J51*G51)-(G51*H51+I51*J51+K51*F51))/0.1582*100 -> 0 | Q51: =O51/P51 -> #DIV/0! | R51: =SQRT(POWER(M51-$M$12,2)+POWER(N51-$N$12,2)) -> 0.43387671 | U51: =(-449*((M51-0.332)/(N51-0.1858))^3)+(3525*((M51-0.332)/(N51-0.1858))^2)+(-6823.3*(M51-0.332)/(N51-0.1858))+5520.33 -> 2021.2824 | AH51: =H13 -> 0.322 | AI51: =I11 -> 0.617 | AQ51: =J13 -> 0.18 | AR51: =K11 -> 0.03 | AY51: =$L$11 -> 70.8 | AZ51: =$O$11 -> 900 | BA51: =$Q$11 -> 1000 | BB51: =$R$13 -> 0.005
B52: #33 | L52: =1/2*((F52*I52+H52*K52+J52*G52)-(G52*H52+I52*J52+K52*F52))/0.1582*100 -> 0 | Q52: =O52/P52 -> #DIV/0! | R52: =SQRT(POWER(M52-$M$12,2)+POWER(N52-$N$12,2)) -> 0.43387671 | U52: =(-449*((M52-0.332)/(N52-0.1858))^3)+(3525*((M52-0.332)/(N52-0.1858))^2)+(-6823.3*(M52-0.332)/(N52-0.1858))+5520.33 -> 2021.2824 | AH52: =H11 -> 0.262 | AI52: =I11 -> 0.617 | AQ52: =J11 -> 0.12 | AR52: =K11 -> 0.03 | AY52: =$L$11 -> 70.8 | AZ52: =$O$11 -> 900 | BA52: =$Q$11 -> 1000 | BB52: =$R$13 -> 0.005
B53: #34 | L53: =1/2*((F53*I53+H53*K53+J53*G53)-(G53*H53+I53*J53+K53*F53))/0.1582*100 -> 0 | Q53: =O53/P53 -> #DIV/0! | R53: =SQRT(POWER(M53-$M$12,2)+POWER(N53-$N$12,2)) -> 0.43387671 | U53: =(-449*((M53-0.332)/(N53-0.1858))^3)+(3525*((M53-0.332)/(N53-0.1858))^2)+(-6823.3*(M53-0.332)/(N53-0.1858))+5520.33 -> 2021.2824 | AI53: (Auto Update) | AR53: (Auto Update) | AY53: =$L$11 -> 70.8 | AZ53: =$O$11 -> 900 | BA53: =$Q$11 -> 1000 | BB53: =$R$13 -> 0.005
B54: #35 | L54: =1/2*((F54*I54+H54*K54+J54*G54)-(G54*H54+I54*J54+K54*F54))/0.1582*100 -> 0 | Q54: =O54/P54 -> #DIV/0! | R54: =SQRT(POWER(M54-$M$12,2)+POWER(N54-$N$12,2)) -> 0.43387671 | U54: =(-449*((M54-0.332)/(N54-0.1858))^3)+(3525*((M54-0.332)/(N54-0.1858))^2)+(-6823.3*(M54-0.332)/(N54-0.1858))+5520.33 -> 2021.2824 | AY54: =$L$11 -> 70.8 | AZ54: =$O$11 -> 900 | BA54: =$Q$11 -> 1000 | BB54: =$R$13 -> 0.005
B55: #36 | L55: =1/2*((F55*I55+H55*K55+J55*G55)-(G55*H55+I55*J55+K55*F55))/0.1582*100 -> 0 | Q55: =O55/P55 -> #DIV/0! | R55: =SQRT(POWER(M55-$M$12,2)+POWER(N55-$N$12,2)) -> 0.43387671 | U55: =(-449*((M55-0.332)/(N55-0.1858))^3)+(3525*((M55-0.332)/(N55-0.1858))^2)+(-6823.3*(M55-0.332)/(N55-0.1858))+5520.33 -> 2021.2824 | AY55: =$L$11 -> 70.8 | AZ55: =$O$11 -> 900 | BA55: =$Q$11 -> 1000 | BB55: =$R$13 -> 0.005
B56: #37 | L56: =1/2*((F56*I56+H56*K56+J56*G56)-(G56*H56+I56*J56+K56*F56))/0.1582*100 -> 0 | Q56: =O56/P56 -> #DIV/0! | R56: =SQRT(POWER(M56-$M$12,2)+POWER(N56-$N$12,2)) -> 0.43387671 | U56: =(-449*((M56-0.332)/(N56-0.1858))^3)+(3525*((M56-0.332)/(N56-0.1858))^2)+(-6823.3*(M56-0.332)/(N56-0.1858))+5520.33 -> 2021.2824 | AY56: =$L$11 -> 70.8 | AZ56: =$O$11 -> 900 | BA56: =$Q$11 -> 1000 | BB56: =$R$13 -> 0.005
B57: #38 | L57: =1/2*((F57*I57+H57*K57+J57*G57)-(G57*H57+I57*J57+K57*F57))/0.1582*100 -> 0 | Q57: =O57/P57 -> #DIV/0! | R57: =SQRT(POWER(M57-$M$12,2)+POWER(N57-$N$12,2)) -> 0.43387671 | U57: =(-449*((M57-0.332)/(N57-0.1858))^3)+(3525*((M57-0.332)/(N57-0.1858))^2)+(-6823.3*(M57-0.332)/(N57-0.1858))+5520.33 -> 2021.2824 | AY57: =$L$11 -> 70.8 | AZ57: =$O$11 -> 900 | BA57: =$Q$11 -> 1000 | BB57: =$R$13 -> 0.005
B58: #39 | L58: =1/2*((F58*I58+H58*K58+J58*G58)-(G58*H58+I58*J58+K58*F58))/0.1582*100 -> 0 | Q58: =O58/P58 -> #DIV/0! | R58: =SQRT(POWER(M58-$M$12,2)+POWER(N58-$N$12,2)) -> 0.43387671 | U58: =(-449*((M58-0.332)/(N58-0.1858))^3)+(3525*((M58-0.332)/(N58-0.1858))^2)+(-6823.3*(M58-0.332)/(N58-0.1858))+5520.33 -> 2021.2824 | AY58: =$L$11 -> 70.8 | AZ58: =$O$11 -> 900 | BA58: =$Q$11 -> 1000 | BB58: =$R$13 -> 0.005
B59: #40 | L59: =1/2*((F59*I59+H59*K59+J59*G59)-(G59*H59+I59*J59+K59*F59))/0.1582*100 -> 0 | Q59: =O59/P59 -> #DIV/0! | R59: =SQRT(POWER(M59-$M$12,2)+POWER(N59-$N$12,2)) -> 0.43387671 | U59: =(-449*((M59-0.332)/(N59-0.1858))^3)+(3525*((M59-0.332)/(N59-0.1858))^2)+(-6823.3*(M59-0.332)/(N59-0.1858))+5520.33 -> 2021.2824 | AY59: =$L$11 -> 70.8 | AZ59: =$O$11 -> 900 | BA59: =$Q$11 -> 1000 | BB59: =$R$13 -> 0.005
B60: #41 | L60: =1/2*((F60*I60+H60*K60+J60*G60)-(G60*H60+I60*J60+K60*F60))/0.1582*100 -> 0 | Q60: =O60/P60 -> #DIV/0! | R60: =SQRT(POWER(M60-$M$12,2)+POWER(N60-$N$12,2)) -> 0.43387671 | U60: =(-449*((M60-0.332)/(N60-0.1858))^3)+(3525*((M60-0.332)/(N60-0.1858))^2)+(-6823.3*(M60-0.332)/(N60-0.1858))+5520.33 -> 2021.2824 | AY60: =$L$11 -> 70.8 | AZ60: =$O$11 -> 900 | BA60: =$Q$11 -> 1000 | BB60: =$R$13 -> 0.005
B61: #42 | L61: =1/2*((F61*I61+H61*K61+J61*G61)-(G61*H61+I61*J61+K61*F61))/0.1582*100 -> 0 | Q61: =O61/P61 -> #DIV/0! | R61: =SQRT(POWER(M61-$M$12,2)+POWER(N61-$N$12,2)) -> 0.43387671 | U61: =(-449*((M61-0.332)/(N61-0.1858))^3)+(3525*((M61-0.332)/(N61-0.1858))^2)+(-6823.3*(M61-0.332)/(N61-0.1858))+5520.33 -> 2021.2824 | AY61: =$L$11 -> 70.8 | AZ61: =$O$11 -> 900 | BA61: =$Q$11 -> 1000 | BB61: =$R$13 -> 0.005
B62: #43 | L62: =1/2*((F62*I62+H62*K62+J62*G62)-(G62*H62+I62*J62+K62*F62))/0.1582*100 -> 0 | Q62: =O62/P62 -> #DIV/0! | R62: =SQRT(POWER(M62-$M$12,2)+POWER(N62-$N$12,2)) -> 0.43387671 | U62: =(-449*((M62-0.332)/(N62-0.1858))^3)+(3525*((M62-0.332)/(N62-0.1858))^2)+(-6823.3*(M62-0.332)/(N62-0.1858))+5520.33 -> 2021.2824 | AY62: =$L$11 -> 70.8 | AZ62: =$O$11 -> 900 | BA62: =$Q$11 -> 1000 | BB62: =$R$13 -> 0.005
B63: #44 | L63: =1/2*((F63*I63+H63*K63+J63*G63)-(G63*H63+I63*J63+K63*F63))/0.1582*100 -> 0 | Q63: =O63/P63 -> #DIV/0! | R63: =SQRT(POWER(M63-$M$12,2)+POWER(N63-$N$12,2)) -> 0.43387671 | U63: =(-449*((M63-0.332)/(N63-0.1858))^3)+(3525*((M63-0.332)/(N63-0.1858))^2)+(-6823.3*(M63-0.332)/(N63-0.1858))+5520.33 -> 2021.2824 | AY63: =$L$11 -> 70.8 | AZ63: =$O$11 -> 900 | BA63: =$Q$11 -> 1000 | BB63: =$R$13 -> 0.005
B64: #45 | L64: =1/2*((F64*I64+H64*K64+J64*G64)-(G64*H64+I64*J64+K64*F64))/0.1582*100 -> 0 | Q64: =O64/P64 -> #DIV/0! | R64: =SQRT(POWER(M64-$M$12,2)+POWER(N64-$N$12,2)) -> 0.43387671 | U64: =(-449*((M64-0.332)/(N64-0.1858))^3)+(3525*((M64-0.332)/(N64-0.1858))^2)+(-6823.3*(M64-0.332)/(N64-0.1858))+5520.33 -> 2021.2824 | AY64: =$L$11 -> 70.8 | AZ64: =$O$11 -> 900 | BA64: =$Q$11 -> 1000 | BB64: =$R$13 -> 0.005
B65: #46 | L65: =1/2*((F65*I65+H65*K65+J65*G65)-(G65*H65+I65*J65+K65*F65))/0.1582*100 -> 0 | Q65: =O65/P65 -> #DIV/0! | R65: =SQRT(POWER(M65-$M$12,2)+POWER(N65-$N$12,2)) -> 0.43387671 | U65: =(-449*((M65-0.332)/(N65-0.1858))^3)+(3525*((M65-0.332)/(N65-0.1858))^2)+(-6823.3*(M65-0.332)/(N65-0.1858))+5520.33 -> 2021.2824 | AY65: =$L$11 -> 70.8 | AZ65: =$O$11 -> 900 | BA65: =$Q$11 -> 1000 | BB65: =$R$13 -> 0.005
... B96: #77 | L96: =1/2*((F96*I96+H96*K96+J96*G96)-(G96*H96+I96*J96+K96*F96))/0.1582*100 -> 0 | Q96: =O96/P96 -> #DIV/0! | R96: =SQRT(POWER(M96-$M$12,2)+POWER(N96-$N$12,2)) -> 0.43387671 | U96: =(-449*((M96-0.332)/(N96-0.1858))^3)+(3525*((M96-0.332)/(N96-0.1858))^2)+(-6823.3*(M96-0.332)/(N96-0.1858))+5520.33 -> 2021.2824 | AY96: =$L$11 -> 70.8 | AZ96: =$O$11 -> 900 | BA96: =$Q$11 -> 1000 | BB96: =$R$13 -> 0.005
B97: #78 | L97: =1/2*((F97*I97+H97*K97+J97*G97)-(G97*H97+I97*J97+K97*F97))/0.1582*100 -> 0 | Q97: =O97/P97 -> #DIV/0! | R97: =SQRT(POWER(M97-$M$12,2)+POWER(N97-$N$12,2)) -> 0.43387671 | U97: =(-449*((M97-0.332)/(N97-0.1858))^3)+(3525*((M97-0.332)/(N97-0.1858))^2)+(-6823.3*(M97-0.332)/(N97-0.1858))+5520.33 -> 2021.2824
B98: #79 | L98: =1/2*((F98*I98+H98*K98+J98*G98)-(G98*H98+I98*J98+K98*F98))/0.1582*100 -> 0 | Q98: =O98/P98 -> #DIV/0! | R98: =SQRT(POWER(M98-$M$12,2)+POWER(N98-$N$12,2)) -> 0.43387671 | U98: =(-449*((M98-0.332)/(N98-0.1858))^3)+(3525*((M98-0.332)/(N98-0.1858))^2)+(-6823.3*(M98-0.332)/(N98-0.1858))+5520.33 -> 2021.2824
B99: #80 | L99: =1/2*((F99*I99+H99*K99+J99*G99)-(G99*H99+I99*J99+K99*F99))/0.1582*100 -> 0 | Q99: =O99/P99 -> #DIV/0! | R99: =SQRT(POWER(M99-$M$12,2)+POWER(N99-$N$12,2)) -> 0.43387671 | U99: =(-449*((M99-0.332)/(N99-0.1858))^3)+(3525*((M99-0.332)/(N99-0.1858))^2)+(-6823.3*(M99-0.332)/(N99-0.1858))+5520.33 -> 2021.2824
B100: #81 | L100: =1/2*((F100*I100+H100*K100+J100*G100)-(G100*H100+I100*J100+K100*F100))/0.1582*100 -> 0 | Q100: =O100/P100 -> #DIV/0! | R100: =SQRT(POWER(M100-$M$12,2)+POWER(N100-$N$12,2)) -> 0.43387671 | U100: =(-449*((M100-0.332)/(N100-0.1858))^3)+(3525*((M100-0.332)/(N100-0.1858))^2)+(-6823.3*(M100-0.332)/(N100-0.1858))+5520.33 -> 2021.2824
B101: #82 | L101: =1/2*((F101*I101+H101*K101+J101*G101)-(G101*H101+I101*J101+K101*F101))/0.1582*100 -> 0 | Q101: =O101/P101 -> #DIV/0! | R101: =SQRT(POWER(M101-$M$12,2)+POWER(N101-$N$12,2)) -> 0.43387671 | U101: =(-449*((M101-0.332)/(N101-0.1858))^3)+(3525*((M101-0.332)/(N101-0.1858))^2)+(-6823.3*(M101-0.332)/(N101-0.1858))+5520.33 -> 2021.2824
B102: #83 | L102: =1/2*((F102*I102+H102*K102+J102*G102)-(G102*H102+I102*J102+K102*F102))/0.1582*100 -> 0 | Q102: =O102/P102 -> #DIV/0! | R102: =SQRT(POWER(M102-$M$12,2)+POWER(N102-$N$12,2)) -> 0.43387671 | U102: =(-449*((M102-0.332)/(N102-0.1858))^3)+(3525*((M102-0.332)/(N102-0.1858))^2)+(-6823.3*(M102-0.332)/(N102-0.1858))+5520.33 -> 2021.2824
B103: #84 | L103: =1/2*((F103*I103+H103*K103+J103*G103)-(G103*H103+I103*J103+K103*F103))/0.1582*100 -> 0 | Q103: =O103/P103 -> #DIV/0! | R103: =SQRT(POWER(M103-$M$12,2)+POWER(N103-$N$12,2)) -> 0.43387671 | U103: =(-449*((M103-0.332)/(N103-0.1858))^3)+(3525*((M103-0.332)/(N103-0.1858))^2)+(-6823.3*(M103-0.332)/(N103-0.1858))+5520.33 -> 2021.2824
B104: #85 | L104: =1/2*((F104*I104+H104*K104+J104*G104)-(G104*H104+I104*J104+K104*F104))/0.1582*100 -> 0 | Q104: =O104/P104 -> #DIV/0! | R104: =SQRT(POWER(M104-$M$12,2)+POWER(N104-$N$12,2)) -> 0.43387671 | U104: =(-449*((M104-0.332)/(N104-0.1858))^3)+(3525*((M104-0.332)/(N104-0.1858))^2)+(-6823.3*(M104-0.332)/(N104-0.1858))+5520.33 -> 2021.2824
B105: #86 | L105: =1/2*((F105*I105+H105*K105+J105*G105)-(G105*H105+I105*J105+K105*F105))/0.1582*100 -> 0 | Q105: =O105/P105 -> #DIV/0! | R105: =SQRT(POWER(M105-$M$12,2)+POWER(N105-$N$12,2)) -> 0.43387671 | U105: =(-449*((M105-0.332)/(N105-0.1858))^3)+(3525*((M105-0.332)/(N105-0.1858))^2)+(-6823.3*(M105-0.332)/(N105-0.1858))+5520.33 -> 2021.2824
B106: #87 | L106: =1/2*((F106*I106+H106*K106+J106*G106)-(G106*H106+I106*J106+K106*F106))/0.1582*100 -> 0 | Q106: =O106/P106 -> #DIV/0! | R106: =SQRT(POWER(M106-$M$12,2)+POWER(N106-$N$12,2)) -> 0.43387671 | U106: =(-449*((M106-0.332)/(N106-0.1858))^3)+(3525*((M106-0.332)/(N106-0.1858))^2)+(-6823.3*(M106-0.332)/(N106-0.1858))+5520.33 -> 2021.2824
B107: #88 | L107: =1/2*((F107*I107+H107*K107+J107*G107)-(G107*H107+I107*J107+K107*F107))/0.1582*100 -> 0 | Q107: =O107/P107 -> #DIV/0! | R107: =SQRT(POWER(M107-$M$12,2)+POWER(N107-$N$12,2)) -> 0.43387671 | U107: =(-449*((M107-0.332)/(N107-0.1858))^3)+(3525*((M107-0.332)/(N107-0.1858))^2)+(-6823.3*(M107-0.332)/(N107-0.1858))+5520.33 -> 2021.2824
B108: #89 | L108: =1/2*((F108*I108+H108*K108+J108*G108)-(G108*H108+I108*J108+K108*F108))/0.1582*100 -> 0 | Q108: =O108/P108 -> #DIV/0! | R108: =SQRT(POWER(M108-$M$12,2)+POWER(N108-$N$12,2)) -> 0.43387671 | U108: =(-449*((M108-0.332)/(N108-0.1858))^3)+(3525*((M108-0.332)/(N108-0.1858))^2)+(-6823.3*(M108-0.332)/(N108-0.1858))+5520.33 -> 2021.2824
... B697: #678 | L697: =1/2*((F697*I697+H697*K697+J697*G697)-(G697*H697+I697*J697+K697*F697))/0.1582*100 -> 0 | Q697: =O697/P697 -> #DIV/0! | R697: =SQRT(POWER(M697-$M$12,2)+POWER(N697-$N$12,2)) -> 0.43387671 | U697: =(-449*((M697-0.332)/(N697-0.1858))^3)+(3525*((M697-0.332)/(N697-0.1858))^2)+(-6823.3*(M697-0.332)/(N697-0.1858))+5520.33 -> 2021.2824

Sheet 출하데이터_Vlookup
F1: =R2&"-"&R3&"-"&R4&" Optical Measurement" -> WINE-VDA129BLAC01- Optical Measurement
P2: • Cut. Model : | R2: WINE
P3: • Model : | R3: VDA129BLAC01
P4: • Event :
P5: • Date : | R5: 2026-
P6: • Measure M/C : | R6: CA-410
P7: • Measure Q'ty : | R7: =COUNTA(C20:C697)&"ea" -> 0ea
B9: No. | C9: 구분 | F9: RED | H9: GREEN | J9: BLUE | L9: 색재현율 | M9: White | P9: Black | Q9: CR | R9: GCS | S9: Uniformity | U9: CCT | V9: ADIM | X9: Color | Z9: HEX | AA9: Remark
C10: Lot ID | D10: FOG | E10: CAL | F10: X | G10: Y | H10: X | I10: Y | J10: X | K10: Y | M10: X | N10: Y | O10: Luminance | P10: Luminance | S10: White | T10: Black | V10: Hex | W10: Luminance | X10: X | Y10: Y
B11: Spec. Min | F11: =F12-F14 -> 0.61 | G11: =G12-G14 -> 0.321 | H11: =H12-H14 -> 0.262 | I11: =I12-I14 -> 0.617 | J11: =J12-J14 -> 0.12 | K11: =K12-K14 -> 0.03 | L11: 70.8 | O11: 900 | Q11: 1000 | S11: 80 | T11: 50
B12: Spec. Typ | F12: 0.64 | G12: 0.351 | H12: 0.292 | I12: 0.647 | J12: 0.15 | K12: 0.06 | M12: 0.293 | N12: 0.32 | U12: 7800
B13: Spec. Max | F13: =F12+F14 -> 0.67 | G13: =G12+G14 -> 0.381 | H13: =H12+H14 -> 0.322 | I13: =I12+I14 -> 0.677 | J13: =J12+J14 -> 0.18 | K13: =K12+K14 -> 0.09 | O13: 945 | R13: 0.005
B14: Spec. Tol. | F14: 0.03 | G14: 0.03 | H14: 0.03 | I14: 0.03 | J14: 0.03 | K14: 0.03
B15: Avg. | F15: =AVERAGE(F20:F697) -> #N/A | G15: =AVERAGE(G20:G697) -> #N/A | H15: =AVERAGE(H20:H697) -> #N/A | I15: =AVERAGE(I20:I697) -> #N/A | J15: =AVERAGE(J20:J697) -> #N/A | K15: =AVERAGE(K20:K697) -> #N/A | L15: =AVERAGE(L20:L697) -> #N/A | M15: =AVERAGE(M20:M697) -> #N/A | ... T15: =AVERAGE(T20:T697) -> #N/A | U15: =AVERAGE(U20:U76) -> #N/A | V15: =AVERAGE(V20:V76) -> #N/A | W15: =AVERAGE(W20:W76) -> #N/A | X15: =AVERAGE(X20:X76) -> #N/A | Y15: =AVERAGE(Y20:Y76) -> #N/A | Z15: =AVERAGE(Z20:Z76) -> #N/A
B16: Shift | F16: =F15-F12 -> #N/A | G16: =G15-G12 -> #N/A | H16: =H15-H12 -> #N/A | I16: =I15-I12 -> #N/A | J16: =J15-J12 -> #N/A | K16: =K15-K12 -> #N/A | L16: =L15-L12 -> #N/A | M16: =M15-M12 -> #N/A | ... Z16: =Z15-Z12 -> #N/A
B17: Min. | F17: =MIN(F20:F697) -> #N/A | G17: =MIN(G20:G697) -> #N/A | H17: =MIN(H20:H697) -> #N/A | I17: =MIN(I20:I697) -> #N/A | J17: =MIN(J20:J697) -> #N/A | K17: =MIN(K20:K697) -> #N/A | L17: =MIN(L20:L697) -> #N/A | M17: =MIN(M20:M697) -> #N/A | ... T17: =MIN(T20:T697) -> #N/A | U17: =MIN(U20:U76) -> #N/A | V17: =MIN(V20:V76) -> #N/A | W17: =MIN(W20:W76) -> #N/A | X17: =MIN(X20:X76) -> #N/A | Y17: =MIN(Y20:Y76) -> #N/A | Z17: =MIN(Z20:Z76) -> #N/A
B18: Max. | F18: =MAX(F20:F697) -> #N/A | G18: =MAX(G20:G697) -> #N/A | H18: =MAX(H20:H697) -> #N/A | I18: =MAX(I20:I697) -> #N/A | J18: =MAX(J20:J697) -> #N/A | K18: =MAX(K20:K697) -> #N/A | L18: =MAX(L20:L697) -> #N/A | M18: =MAX(M20:M697) -> #N/A | ... T18: =MAX(T20:T697) -> #N/A | U18: =MAX(U20:U76) -> #N/A | V18: =MAX(V20:V76) -> #N/A | W18: =MAX(W20:W76) -> #N/A | X18: =MAX(X20:X76) -> #N/A | Y18: =MAX(Y20:Y76) -> #N/A | Z18: =MAX(Z20:Z76) -> #N/A | AY18: Spec 표기 해당 영역 측정 수 만큼 수정
B19: CPK | D19: BU_TSP_Judge | E19: LMK_Judge | F19: =(1-ABS(((F13+F11)/2)-AVERAGE(F20:F697))/((F13-F11)/2))*((F13-F11)/(STDEV(F20:F697)*6)) -> #N/A | G19: =(1-ABS(((G13+G11)/2)-AVERAGE(G20:G697))/((G13-G11)/2))*((G13-G11)/(STDEV(G20:G697)*6)) -> #N/A | H19: =(1-ABS(((H13+H11)/2)-AVERAGE(H20:H697))/((H13-H11)/2))*((H13-H11)/(STDEV(H20:H697)*6)) -> #N/A | I19: =(1-ABS(((I13+I11)/2)-AVERAGE(I20:I697))/((I13-I11)/2))*((I13-I11)/(STDEV(I20:I697)*6)) -> #N/A | J19: =(1-ABS(((J13+J11)/2)-AVERAGE(J20:J697))/((J13-J11)/2))*((J13-J11)/(STDEV(J20:J697)*6)) -> #N/A | K19: =(1-ABS(((K13+K11)/2)-AVERAGE(K20:K697))/((K13-K11)/2))*((K13-K11)/(STDEV(K20:K697)*6)) -> #N/A | L19: =((AVERAGE(L20:L697)-L11)/(3*STDEV(L20:L697))) -> #N/A | M19: =(1-ABS(((M13+M11)/2)-AVERAGE(M20:M697))/((M13-M11)/2))*((M13-M11)/(STDEV(M20:M697)*6)) -> #N/A | N19: =(1-ABS(((N13+N11)/2)-AVERAGE(N20:N697))/((N13-N11)/2))*((N13-N11)/(STDEV(N20:N697)*6)) -> #N/A | O19: =((AVERAGE(O20:O697)-O11)/(3*STDEV(O20:O697))) -> #N/A | P19: =(1-ABS(((P13+P11)/2)-AVERAGE(P20:P697))/((P13-P11)/2))*((P13-P11)/(STDEV(P20:P697)*6)) -> #N/A | Q19: =((AVERAGE(Q20:Q697)-Q11)/(3*STDEV(Q20:Q697))) -> #N/A | R19: =(R13-AVERAGE(R20:R697))/(3*STDEV(R20:R697)) -> #N/A | S19: =((AVERAGE(S20:S697)-S11)/(3*STDEV(S20:S697))) -> #N/A | T19: =((AVERAGE(T20:T697)-T11)/(3*STDEV(T20:T697))) -> #N/A | U19: =(1-ABS(((U13+U11)/2)-AVERAGE(U20:U697))/((U13-U11)/2))*((U13-U11)/(STDEV(U20:U697)*6)) -> #N/A | V19: =(1-ABS(((V13+V11)/2)-AVERAGE(V20:V697))/((V13-V11)/2))*((V13-V11)/(STDEV(V20:V697)*6)) -> #N/A | W19: =(1-ABS(((W13+W11)/2)-AVERAGE(W20:W697))/((W13-W11)/2))*((W13-W11)/(STDEV(W20:W697)*6)) -> #N/A | X19: =(1-ABS(((X13+X11)/2)-AVERAGE(X20:X697))/((X13-X11)/2))*((X13-X11)/(STDEV(X20:X697)*6)) -> #N/A | Y19: =(1-ABS(((Y13+Y11)/2)-AVERAGE(Y20:Y697))/((Y13-Y11)/2))*((Y13-Y11)/(STDEV(Y20:Y697)*6)) -> #N/A | Z19: =(1-ABS(((Z13+Z11)/2)-AVERAGE(Z20:Z697))/((Z13-Z11)/2))*((Z13-Z11)/(STDEV(Z20:Z697)*6)) -> #N/A | AY19: 색재현율 Spec | AZ19: 휘도 Spec | BA19: CR Spec | BB19: GCS Spec
B20: #1 | F20: =VLOOKUP($C20,'Daily_BU설비데이터 '!$C$20:$T$1000,4,0) -> #N/A | G20: =VLOOKUP($C20,'Daily_BU설비데이터 '!$C$20:$T$1000,5,0) -> #N/A | H20: =VLOOKUP($C20,'Daily_BU설비데이터 '!$C$20:$T$1000,6,0) -> #N/A | I20: =VLOOKUP($C20,'Daily_BU설비데이터 '!$C$20:$T$1000,7,0) -> #N/A | J20: =VLOOKUP($C20,'Daily_BU설비데이터 '!$C$20:$T$1000,8,0) -> #N/A | K20: =VLOOKUP($C20,'Daily_BU설비데이터 '!$C$20:$T$1000,9,0) -> #N/A | L20: =1/2*((F20*I20+H20*K20+J20*G20)-(G20*H20+I20*J20+K20*F20))/0.1582*100 -> #N/A | M20: =VLOOKUP($C20,'Daily_BU설비데이터 '!$C$20:$T$1000,11,0) -> #N/A | N20: =VLOOKUP($C20,'Daily_BU설비데이터 '!$C$20:$T$1000,12,0) -> #N/A | O20: =VLOOKUP($C20,'Daily_BU설비데이터 '!$C$20:$T$1000,13,0) -> #N/A | P20: =VLOOKUP($C20,'Daily_BU설비데이터 '!$C$20:$T$1000,14,0) -> #N/A | Q20: =O20/P20 -> #N/A | R20: =SQRT(POWER(M20-$M$12,2)+POWER(N20-$N$12,2)) -> #N/A | S20: =VLOOKUP($C20,'Daily_BU설비데이터 '!$C$20:$T$1000,17,0) -> #N/A | T20: =VLOOKUP($C20,'Daily_BU설비데이터 '!$C$20:$T$1000,18,0) -> #N/A | U20: =(-449*((M20-0.332)/(N20-0.1858))^3)+(3525*((M20-0.332)/(N20-0.1858))^2)+(-6823.3*(M20-0.332)/(N20-0.1858))+5520.33 -> #N/A | V20: =(-449*((N20-0.332)/(O20-0.1858))^3)+(3525*((N20-0.332)/(O20-0.1858))^2)+(-6823.3*(N20-0.332)/(O20-0.1858))+5520.33 -> #N/A | W20: =(-449*((O20-0.332)/(P20-0.1858))^3)+(3525*((O20-0.332)/(P20-0.1858))^2)+(-6823.3*(O20-0.332)/(P20-0.1858))+5520.33 -> #N/A | X20: =(-449*((P20-0.332)/(Q20-0.1858))^3)+(3525*((P20-0.332)/(Q20-0.1858))^2)+(-6823.3*(P20-0.332)/(Q20-0.1858))+5520.33 -> #N/A | Y20: =(-449*((Q20-0.332)/(R20-0.1858))^3)+(3525*((Q20-0.332)/(R20-0.1858))^2)+(-6823.3*(Q20-0.332)/(R20-0.1858))+5520.33 -> #N/A | Z20: =(-449*((R20-0.332)/(S20-0.1858))^3)+(3525*((R20-0.332)/(S20-0.1858))^2)+(-6823.3*(R20-0.332)/(S20-0.1858))+5520.33 -> #N/A
B21: #2 | F21: =VLOOKUP($C21,'Daily_BU설비데이터 '!$C$20:$T$1000,4,0) -> #N/A | G21: =VLOOKUP($C21,'Daily_BU설비데이터 '!$C$20:$T$1000,5,0) -> #N/A | H21: =VLOOKUP($C21,'Daily_BU설비데이터 '!$C$20:$T$1000,6,0) -> #N/A | I21: =VLOOKUP($C21,'Daily_BU설비데이터 '!$C$20:$T$1000,7,0) -> #N/A | J21: =VLOOKUP($C21,'Daily_BU설비데이터 '!$C$20:$T$1000,8,0) -> #N/A | K21: =VLOOKUP($C21,'Daily_BU설비데이터 '!$C$20:$T$1000,9,0) -> #N/A | L21: =1/2*((F21*I21+H21*K21+J21*G21)-(G21*H21+I21*J21+K21*F21))/0.1582*100 -> #N/A | M21: =VLOOKUP($C21,'Daily_BU설비데이터 '!$C$20:$T$1000,11,0) -> #N/A | N21: =VLOOKUP($C21,'Daily_BU설비데이터 '!$C$20:$T$1000,12,0) -> #N/A | O21: =VLOOKUP($C21,'Daily_BU설비데이터 '!$C$20:$T$1000,13,0) -> #N/A | P21: =VLOOKUP($C21,'Daily_BU설비데이터 '!$C$20:$T$1000,14,0) -> #N/A | Q21: =O21/P21 -> #N/A | R21: =SQRT(POWER(M21-$M$12,2)+POWER(N21-$N$12,2)) -> #N/A | S21: =VLOOKUP($C21,'Daily_BU설비데이터 '!$C$20:$T$1000,17,0) -> #N/A | T21: =VLOOKUP($C21,'Daily_BU설비데이터 '!$C$20:$T$1000,18,0) -> #N/A | U21: =(-449*((M21-0.332)/(N21-0.1858))^3)+(3525*((M21-0.332)/(N21-0.1858))^2)+(-6823.3*(M21-0.332)/(N21-0.1858))+5520.33 -> #N/A
B22: #3 | F22: =VLOOKUP($C22,'Daily_BU설비데이터 '!$C$20:$T$1000,4,0) -> #N/A | G22: =VLOOKUP($C22,'Daily_BU설비데이터 '!$C$20:$T$1000,5,0) -> #N/A | H22: =VLOOKUP($C22,'Daily_BU설비데이터 '!$C$20:$T$1000,6,0) -> #N/A | I22: =VLOOKUP($C22,'Daily_BU설비데이터 '!$C$20:$T$1000,7,0) -> #N/A | J22: =VLOOKUP($C22,'Daily_BU설비데이터 '!$C$20:$T$1000,8,0) -> #N/A | K22: =VLOOKUP($C22,'Daily_BU설비데이터 '!$C$20:$T$1000,9,0) -> #N/A | L22: =1/2*((F22*I22+H22*K22+J22*G22)-(G22*H22+I22*J22+K22*F22))/0.1582*100 -> #N/A | M22: =VLOOKUP($C22,'Daily_BU설비데이터 '!$C$20:$T$1000,11,0) -> #N/A | N22: =VLOOKUP($C22,'Daily_BU설비데이터 '!$C$20:$T$1000,12,0) -> #N/A | O22: =VLOOKUP($C22,'Daily_BU설비데이터 '!$C$20:$T$1000,13,0) -> #N/A | P22: =VLOOKUP($C22,'Daily_BU설비데이터 '!$C$20:$T$1000,14,0) -> #N/A | Q22: =O22/P22 -> #N/A | R22: =SQRT(POWER(M22-$M$12,2)+POWER(N22-$N$12,2)) -> #N/A | S22: =VLOOKUP($C22,'Daily_BU설비데이터 '!$C$20:$T$1000,17,0) -> #N/A | T22: =VLOOKUP($C22,'Daily_BU설비데이터 '!$C$20:$T$1000,18,0) -> #N/A | U22: =(-449*((M22-0.332)/(N22-0.1858))^3)+(3525*((M22-0.332)/(N22-0.1858))^2)+(-6823.3*(M22-0.332)/(N22-0.1858))+5520.33 -> #N/A
B23: #4 | F23: =VLOOKUP($C23,'Daily_BU설비데이터 '!$C$20:$T$1000,4,0) -> #N/A | G23: =VLOOKUP($C23,'Daily_BU설비데이터 '!$C$20:$T$1000,5,0) -> #N/A | H23: =VLOOKUP($C23,'Daily_BU설비데이터 '!$C$20:$T$1000,6,0) -> #N/A | I23: =VLOOKUP($C23,'Daily_BU설비데이터 '!$C$20:$T$1000,7,0) -> #N/A | J23: =VLOOKUP($C23,'Daily_BU설비데이터 '!$C$20:$T$1000,8,0) -> #N/A | K23: =VLOOKUP($C23,'Daily_BU설비데이터 '!$C$20:$T$1000,9,0) -> #N/A | L23: =1/2*((F23*I23+H23*K23+J23*G23)-(G23*H23+I23*J23+K23*F23))/0.1582*100 -> #N/A | M23: =VLOOKUP($C23,'Daily_BU설비데이터 '!$C$20:$T$1000,11,0) -> #N/A | N23: =VLOOKUP($C23,'Daily_BU설비데이터 '!$C$20:$T$1000,12,0) -> #N/A | O23: =VLOOKUP($C23,'Daily_BU설비데이터 '!$C$20:$T$1000,13,0) -> #N/A | P23: =VLOOKUP($C23,'Daily_BU설비데이터 '!$C$20:$T$1000,14,0) -> #N/A | Q23: =O23/P23 -> #N/A | R23: =SQRT(POWER(M23-$M$12,2)+POWER(N23-$N$12,2)) -> #N/A | S23: =VLOOKUP($C23,'Daily_BU설비데이터 '!$C$20:$T$1000,17,0) -> #N/A | T23: =VLOOKUP($C23,'Daily_BU설비데이터 '!$C$20:$T$1000,18,0) -> #N/A | U23: =(-449*((M23-0.332)/(N23-0.1858))^3)+(3525*((M23-0.332)/(N23-0.1858))^2)+(-6823.3*(M23-0.332)/(N23-0.1858))+5520.33 -> #N/A | AY23: =$L$11 -> 70.8 | AZ23: =$O$11 -> 900 | BA23: =$Q$11 -> 1000 | BB23: =$R$13 -> 0.005
B24: #5 | F24: =VLOOKUP($C24,'Daily_BU설비데이터 '!$C$20:$T$1000,4,0) -> #N/A | G24: =VLOOKUP($C24,'Daily_BU설비데이터 '!$C$20:$T$1000,5,0) -> #N/A | H24: =VLOOKUP($C24,'Daily_BU설비데이터 '!$C$20:$T$1000,6,0) -> #N/A | I24: =VLOOKUP($C24,'Daily_BU설비데이터 '!$C$20:$T$1000,7,0) -> #N/A | J24: =VLOOKUP($C24,'Daily_BU설비데이터 '!$C$20:$T$1000,8,0) -> #N/A | K24: =VLOOKUP($C24,'Daily_BU설비데이터 '!$C$20:$T$1000,9,0) -> #N/A | L24: =1/2*((F24*I24+H24*K24+J24*G24)-(G24*H24+I24*J24+K24*F24))/0.1582*100 -> #N/A | M24: =VLOOKUP($C24,'Daily_BU설비데이터 '!$C$20:$T$1000,11,0) -> #N/A | N24: =VLOOKUP($C24,'Daily_BU설비데이터 '!$C$20:$T$1000,12,0) -> #N/A | O24: =VLOOKUP($C24,'Daily_BU설비데이터 '!$C$20:$T$1000,13,0) -> #N/A | P24: =VLOOKUP($C24,'Daily_BU설비데이터 '!$C$20:$T$1000,14,0) -> #N/A | Q24: =O24/P24 -> #N/A | R24: =SQRT(POWER(M24-$M$12,2)+POWER(N24-$N$12,2)) -> #N/A | S24: =VLOOKUP($C24,'Daily_BU설비데이터 '!$C$20:$T$1000,17,0) -> #N/A | T24: =VLOOKUP($C24,'Daily_BU설비데이터 '!$C$20:$T$1000,18,0) -> #N/A | U24: =(-449*((M24-0.332)/(N24-0.1858))^3)+(3525*((M24-0.332)/(N24-0.1858))^2)+(-6823.3*(M24-0.332)/(N24-0.1858))+5520.33 -> #N/A | AY24: =$L$11 -> 70.8 | AZ24: =$O$11 -> 900 | BA24: =$Q$11 -> 1000 | BB24: =$R$13 -> 0.005
B25: #6 | F25: =VLOOKUP($C25,'Daily_BU설비데이터 '!$C$20:$T$1000,4,0) -> #N/A | G25: =VLOOKUP($C25,'Daily_BU설비데이터 '!$C$20:$T$1000,5,0) -> #N/A | H25: =VLOOKUP($C25,'Daily_BU설비데이터 '!$C$20:$T$1000,6,0) -> #N/A | I25: =VLOOKUP($C25,'Daily_BU설비데이터 '!$C$20:$T$1000,7,0) -> #N/A | J25: =VLOOKUP($C25,'Daily_BU설비데이터 '!$C$20:$T$1000,8,0) -> #N/A | K25: =VLOOKUP($C25,'Daily_BU설비데이터 '!$C$20:$T$1000,9,0) -> #N/A | L25: =1/2*((F25*I25+H25*K25+J25*G25)-(G25*H25+I25*J25+K25*F25))/0.1582*100 -> #N/A | M25: =VLOOKUP($C25,'Daily_BU설비데이터 '!$C$20:$T$1000,11,0) -> #N/A | N25: =VLOOKUP($C25,'Daily_BU설비데이터 '!$C$20:$T$1000,12,0) -> #N/A | O25: =VLOOKUP($C25,'Daily_BU설비데이터 '!$C$20:$T$1000,13,0) -> #N/A | P25: =VLOOKUP($C25,'Daily_BU설비데이터 '!$C$20:$T$1000,14,0) -> #N/A | Q25: =O25/P25 -> #N/A | R25: =SQRT(POWER(M25-$M$12,2)+POWER(N25-$N$12,2)) -> #N/A | S25: =VLOOKUP($C25,'Daily_BU설비데이터 '!$C$20:$T$1000,17,0) -> #N/A | T25: =VLOOKUP($C25,'Daily_BU설비데이터 '!$C$20:$T$1000,18,0) -> #N/A | U25: =(-449*((M25-0.332)/(N25-0.1858))^3)+(3525*((M25-0.332)/(N25-0.1858))^2)+(-6823.3*(M25-0.332)/(N25-0.1858))+5520.33 -> #N/A | AY25: =$L$11 -> 70.8 | AZ25: =$O$11 -> 900 | BA25: =$Q$11 -> 1000 | BB25: =$R$13 -> 0.005
B26: #7 | F26: =VLOOKUP($C26,'Daily_BU설비데이터 '!$C$20:$T$1000,4,0) -> #N/A | G26: =VLOOKUP($C26,'Daily_BU설비데이터 '!$C$20:$T$1000,5,0) -> #N/A | H26: =VLOOKUP($C26,'Daily_BU설비데이터 '!$C$20:$T$1000,6,0) -> #N/A | I26: =VLOOKUP($C26,'Daily_BU설비데이터 '!$C$20:$T$1000,7,0) -> #N/A | J26: =VLOOKUP($C26,'Daily_BU설비데이터 '!$C$20:$T$1000,8,0) -> #N/A | K26: =VLOOKUP($C26,'Daily_BU설비데이터 '!$C$20:$T$1000,9,0) -> #N/A | L26: =1/2*((F26*I26+H26*K26+J26*G26)-(G26*H26+I26*J26+K26*F26))/0.1582*100 -> #N/A | M26: =VLOOKUP($C26,'Daily_BU설비데이터 '!$C$20:$T$1000,11,0) -> #N/A | N26: =VLOOKUP($C26,'Daily_BU설비데이터 '!$C$20:$T$1000,12,0) -> #N/A | O26: =VLOOKUP($C26,'Daily_BU설비데이터 '!$C$20:$T$1000,13,0) -> #N/A | P26: =VLOOKUP($C26,'Daily_BU설비데이터 '!$C$20:$T$1000,14,0) -> #N/A | Q26: =O26/P26 -> #N/A | R26: =SQRT(POWER(M26-$M$12,2)+POWER(N26-$N$12,2)) -> #N/A | S26: =VLOOKUP($C26,'Daily_BU설비데이터 '!$C$20:$T$1000,17,0) -> #N/A | T26: =VLOOKUP($C26,'Daily_BU설비데이터 '!$C$20:$T$1000,18,0) -> #N/A | U26: =(-449*((M26-0.332)/(N26-0.1858))^3)+(3525*((M26-0.332)/(N26-0.1858))^2)+(-6823.3*(M26-0.332)/(N26-0.1858))+5520.33 -> #N/A | AY26: =$L$11 -> 70.8 | AZ26: =$O$11 -> 900 | BA26: =$Q$11 -> 1000 | BB26: =$R$13 -> 0.005
B27: #8 | F27: =VLOOKUP($C27,'Daily_BU설비데이터 '!$C$20:$T$1000,4,0) -> #N/A | G27: =VLOOKUP($C27,'Daily_BU설비데이터 '!$C$20:$T$1000,5,0) -> #N/A | H27: =VLOOKUP($C27,'Daily_BU설비데이터 '!$C$20:$T$1000,6,0) -> #N/A | I27: =VLOOKUP($C27,'Daily_BU설비데이터 '!$C$20:$T$1000,7,0) -> #N/A | J27: =VLOOKUP($C27,'Daily_BU설비데이터 '!$C$20:$T$1000,8,0) -> #N/A | K27: =VLOOKUP($C27,'Daily_BU설비데이터 '!$C$20:$T$1000,9,0) -> #N/A | L27: =1/2*((F27*I27+H27*K27+J27*G27)-(G27*H27+I27*J27+K27*F27))/0.1582*100 -> #N/A | M27: =VLOOKUP($C27,'Daily_BU설비데이터 '!$C$20:$T$1000,11,0) -> #N/A | N27: =VLOOKUP($C27,'Daily_BU설비데이터 '!$C$20:$T$1000,12,0) -> #N/A | O27: =VLOOKUP($C27,'Daily_BU설비데이터 '!$C$20:$T$1000,13,0) -> #N/A | P27: =VLOOKUP($C27,'Daily_BU설비데이터 '!$C$20:$T$1000,14,0) -> #N/A | Q27: =O27/P27 -> #N/A | R27: =SQRT(POWER(M27-$M$12,2)+POWER(N27-$N$12,2)) -> #N/A | S27: =VLOOKUP($C27,'Daily_BU설비데이터 '!$C$20:$T$1000,17,0) -> #N/A | T27: =VLOOKUP($C27,'Daily_BU설비데이터 '!$C$20:$T$1000,18,0) -> #N/A | U27: =(-449*((M27-0.332)/(N27-0.1858))^3)+(3525*((M27-0.332)/(N27-0.1858))^2)+(-6823.3*(M27-0.332)/(N27-0.1858))+5520.33 -> #N/A | AY27: =$L$11 -> 70.8 | AZ27: =$O$11 -> 900 | BA27: =$Q$11 -> 1000 | BB27: =$R$13 -> 0.005
B28: #9 | F28: =VLOOKUP($C28,'Daily_BU설비데이터 '!$C$20:$T$1000,4,0) -> #N/A | G28: =VLOOKUP($C28,'Daily_BU설비데이터 '!$C$20:$T$1000,5,0) -> #N/A | H28: =VLOOKUP($C28,'Daily_BU설비데이터 '!$C$20:$T$1000,6,0) -> #N/A | I28: =VLOOKUP($C28,'Daily_BU설비데이터 '!$C$20:$T$1000,7,0) -> #N/A | J28: =VLOOKUP($C28,'Daily_BU설비데이터 '!$C$20:$T$1000,8,0) -> #N/A | K28: =VLOOKUP($C28,'Daily_BU설비데이터 '!$C$20:$T$1000,9,0) -> #N/A | L28: =1/2*((F28*I28+H28*K28+J28*G28)-(G28*H28+I28*J28+K28*F28))/0.1582*100 -> #N/A | M28: =VLOOKUP($C28,'Daily_BU설비데이터 '!$C$20:$T$1000,11,0) -> #N/A | N28: =VLOOKUP($C28,'Daily_BU설비데이터 '!$C$20:$T$1000,12,0) -> #N/A | O28: =VLOOKUP($C28,'Daily_BU설비데이터 '!$C$20:$T$1000,13,0) -> #N/A | P28: =VLOOKUP($C28,'Daily_BU설비데이터 '!$C$20:$T$1000,14,0) -> #N/A | Q28: =O28/P28 -> #N/A | R28: =SQRT(POWER(M28-$M$12,2)+POWER(N28-$N$12,2)) -> #N/A | S28: =VLOOKUP($C28,'Daily_BU설비데이터 '!$C$20:$T$1000,17,0) -> #N/A | T28: =VLOOKUP($C28,'Daily_BU설비데이터 '!$C$20:$T$1000,18,0) -> #N/A | U28: =(-449*((M28-0.332)/(N28-0.1858))^3)+(3525*((M28-0.332)/(N28-0.1858))^2)+(-6823.3*(M28-0.332)/(N28-0.1858))+5520.33 -> #N/A | AY28: =$L$11 -> 70.8 | AZ28: =$O$11 -> 900 | BA28: =$Q$11 -> 1000 | BB28: =$R$13 -> 0.005
B29: #10 | F29: =VLOOKUP($C29,'Daily_BU설비데이터 '!$C$20:$T$1000,4,0) -> #N/A | G29: =VLOOKUP($C29,'Daily_BU설비데이터 '!$C$20:$T$1000,5,0) -> #N/A | H29: =VLOOKUP($C29,'Daily_BU설비데이터 '!$C$20:$T$1000,6,0) -> #N/A | I29: =VLOOKUP($C29,'Daily_BU설비데이터 '!$C$20:$T$1000,7,0) -> #N/A | J29: =VLOOKUP($C29,'Daily_BU설비데이터 '!$C$20:$T$1000,8,0) -> #N/A | K29: =VLOOKUP($C29,'Daily_BU설비데이터 '!$C$20:$T$1000,9,0) -> #N/A | L29: =1/2*((F29*I29+H29*K29+J29*G29)-(G29*H29+I29*J29+K29*F29))/0.1582*100 -> #N/A | M29: =VLOOKUP($C29,'Daily_BU설비데이터 '!$C$20:$T$1000,11,0) -> #N/A | N29: =VLOOKUP($C29,'Daily_BU설비데이터 '!$C$20:$T$1000,12,0) -> #N/A | O29: =VLOOKUP($C29,'Daily_BU설비데이터 '!$C$20:$T$1000,13,0) -> #N/A | P29: =VLOOKUP($C29,'Daily_BU설비데이터 '!$C$20:$T$1000,14,0) -> #N/A | Q29: =O29/P29 -> #N/A | R29: =SQRT(POWER(M29-$M$12,2)+POWER(N29-$N$12,2)) -> #N/A | S29: =VLOOKUP($C29,'Daily_BU설비데이터 '!$C$20:$T$1000,17,0) -> #N/A | T29: =VLOOKUP($C29,'Daily_BU설비데이터 '!$C$20:$T$1000,18,0) -> #N/A | U29: =(-449*((M29-0.332)/(N29-0.1858))^3)+(3525*((M29-0.332)/(N29-0.1858))^2)+(-6823.3*(M29-0.332)/(N29-0.1858))+5520.33 -> #N/A | AY29: =$L$11 -> 70.8 | AZ29: =$O$11 -> 900 | BA29: =$Q$11 -> 1000 | BB29: =$R$13 -> 0.005
B30: #11 | F30: =VLOOKUP($C30,'Daily_BU설비데이터 '!$C$20:$T$1000,4,0) -> #N/A | G30: =VLOOKUP($C30,'Daily_BU설비데이터 '!$C$20:$T$1000,5,0) -> #N/A | H30: =VLOOKUP($C30,'Daily_BU설비데이터 '!$C$20:$T$1000,6,0) -> #N/A | I30: =VLOOKUP($C30,'Daily_BU설비데이터 '!$C$20:$T$1000,7,0) -> #N/A | J30: =VLOOKUP($C30,'Daily_BU설비데이터 '!$C$20:$T$1000,8,0) -> #N/A | K30: =VLOOKUP($C30,'Daily_BU설비데이터 '!$C$20:$T$1000,9,0) -> #N/A | L30: =1/2*((F30*I30+H30*K30+J30*G30)-(G30*H30+I30*J30+K30*F30))/0.1582*100 -> #N/A | M30: =VLOOKUP($C30,'Daily_BU설비데이터 '!$C$20:$T$1000,11,0) -> #N/A | N30: =VLOOKUP($C30,'Daily_BU설비데이터 '!$C$20:$T$1000,12,0) -> #N/A | O30: =VLOOKUP($C30,'Daily_BU설비데이터 '!$C$20:$T$1000,13,0) -> #N/A | P30: =VLOOKUP($C30,'Daily_BU설비데이터 '!$C$20:$T$1000,14,0) -> #N/A | Q30: =O30/P30 -> #N/A | R30: =SQRT(POWER(M30-$M$12,2)+POWER(N30-$N$12,2)) -> #N/A | S30: =VLOOKUP($C30,'Daily_BU설비데이터 '!$C$20:$T$1000,17,0) -> #N/A | T30: =VLOOKUP($C30,'Daily_BU설비데이터 '!$C$20:$T$1000,18,0) -> #N/A | U30: =(-449*((M30-0.332)/(N30-0.1858))^3)+(3525*((M30-0.332)/(N30-0.1858))^2)+(-6823.3*(M30-0.332)/(N30-0.1858))+5520.33 -> #N/A | AQ30: 0.61 | AR30: 0.321 | AY30: =$L$11 -> 70.8 | AZ30: =$O$11 -> 900 | BA30: =$Q$11 -> 1000 | BB30: =$R$13 -> 0.005
B31: #12 | F31: =VLOOKUP($C31,'Daily_BU설비데이터 '!$C$20:$T$1000,4,0) -> #N/A | G31: =VLOOKUP($C31,'Daily_BU설비데이터 '!$C$20:$T$1000,5,0) -> #N/A | H31: =VLOOKUP($C31,'Daily_BU설비데이터 '!$C$20:$T$1000,6,0) -> #N/A | I31: =VLOOKUP($C31,'Daily_BU설비데이터 '!$C$20:$T$1000,7,0) -> #N/A | J31: =VLOOKUP($C31,'Daily_BU설비데이터 '!$C$20:$T$1000,8,0) -> #N/A | K31: =VLOOKUP($C31,'Daily_BU설비데이터 '!$C$20:$T$1000,9,0) -> #N/A | L31: =1/2*((F31*I31+H31*K31+J31*G31)-(G31*H31+I31*J31+K31*F31))/0.1582*100 -> #N/A | M31: =VLOOKUP($C31,'Daily_BU설비데이터 '!$C$20:$T$1000,11,0) -> #N/A | N31: =VLOOKUP($C31,'Daily_BU설비데이터 '!$C$20:$T$1000,12,0) -> #N/A | O31: =VLOOKUP($C31,'Daily_BU설비데이터 '!$C$20:$T$1000,13,0) -> #N/A | P31: =VLOOKUP($C31,'Daily_BU설비데이터 '!$C$20:$T$1000,14,0) -> #N/A | Q31: =O31/P31 -> #N/A | R31: =SQRT(POWER(M31-$M$12,2)+POWER(N31-$N$12,2)) -> #N/A | S31: =VLOOKUP($C31,'Daily_BU설비데이터 '!$C$20:$T$1000,17,0) -> #N/A | T31: =VLOOKUP($C31,'Daily_BU설비데이터 '!$C$20:$T$1000,18,0) -> #N/A | U31: =(-449*((M31-0.332)/(N31-0.1858))^3)+(3525*((M31-0.332)/(N31-0.1858))^2)+(-6823.3*(M31-0.332)/(N31-0.1858))+5520.33 -> #N/A | AH31: 0.298 | AI31: 0.325 | AQ31: 0.61 | AR31: 0.381 | AY31: =$L$11 -> 70.8 | AZ31: =$O$11 -> 900 | BA31: =$Q$11 -> 1000 | BB31: =$R$13 -> 0.005
B32: #13 | F32: =VLOOKUP($C32,'Daily_BU설비데이터 '!$C$20:$T$1000,4,0) -> #N/A | G32: =VLOOKUP($C32,'Daily_BU설비데이터 '!$C$20:$T$1000,5,0) -> #N/A | H32: =VLOOKUP($C32,'Daily_BU설비데이터 '!$C$20:$T$1000,6,0) -> #N/A | I32: =VLOOKUP($C32,'Daily_BU설비데이터 '!$C$20:$T$1000,7,0) -> #N/A | J32: =VLOOKUP($C32,'Daily_BU설비데이터 '!$C$20:$T$1000,8,0) -> #N/A | K32: =VLOOKUP($C32,'Daily_BU설비데이터 '!$C$20:$T$1000,9,0) -> #N/A | L32: =1/2*((F32*I32+H32*K32+J32*G32)-(G32*H32+I32*J32+K32*F32))/0.1582*100 -> #N/A | M32: =VLOOKUP($C32,'Daily_BU설비데이터 '!$C$20:$T$1000,11,0) -> #N/A | N32: =VLOOKUP($C32,'Daily_BU설비데이터 '!$C$20:$T$1000,12,0) -> #N/A | O32: =VLOOKUP($C32,'Daily_BU설비데이터 '!$C$20:$T$1000,13,0) -> #N/A | P32: =VLOOKUP($C32,'Daily_BU설비데이터 '!$C$20:$T$1000,14,0) -> #N/A | Q32: =O32/P32 -> #N/A | R32: =SQRT(POWER(M32-$M$12,2)+POWER(N32-$N$12,2)) -> #N/A | S32: =VLOOKUP($C32,'Daily_BU설비데이터 '!$C$20:$T$1000,17,0) -> #N/A | T32: =VLOOKUP($C32,'Daily_BU설비데이터 '!$C$20:$T$1000,18,0) -> #N/A | U32: =(-449*((M32-0.332)/(N32-0.1858))^3)+(3525*((M32-0.332)/(N32-0.1858))^2)+(-6823.3*(M32-0.332)/(N32-0.1858))+5520.33 -> #N/A | AH32: 0.298 | AI32: 0.315 | AQ32: 0.67 | AR32: 0.381 | AY32: =$L$11 -> 70.8 | AZ32: =$O$11 -> 900 | BA32: =$Q$11 -> 1000 | BB32: =$R$13 -> 0.005
B33: #14 | F33: =VLOOKUP($C33,'Daily_BU설비데이터 '!$C$20:$T$1000,4,0) -> #N/A | G33: =VLOOKUP($C33,'Daily_BU설비데이터 '!$C$20:$T$1000,5,0) -> #N/A | H33: =VLOOKUP($C33,'Daily_BU설비데이터 '!$C$20:$T$1000,6,0) -> #N/A | I33: =VLOOKUP($C33,'Daily_BU설비데이터 '!$C$20:$T$1000,7,0) -> #N/A | J33: =VLOOKUP($C33,'Daily_BU설비데이터 '!$C$20:$T$1000,8,0) -> #N/A | K33: =VLOOKUP($C33,'Daily_BU설비데이터 '!$C$20:$T$1000,9,0) -> #N/A | L33: =1/2*((F33*I33+H33*K33+J33*G33)-(G33*H33+I33*J33+K33*F33))/0.1582*100 -> #N/A | M33: =VLOOKUP($C33,'Daily_BU설비데이터 '!$C$20:$T$1000,11,0) -> #N/A | N33: =VLOOKUP($C33,'Daily_BU설비데이터 '!$C$20:$T$1000,12,0) -> #N/A | O33: =VLOOKUP($C33,'Daily_BU설비데이터 '!$C$20:$T$1000,13,0) -> #N/A | P33: =VLOOKUP($C33,'Daily_BU설비데이터 '!$C$20:$T$1000,14,0) -> #N/A | Q33: =O33/P33 -> #N/A | R33: =SQRT(POWER(M33-$M$12,2)+POWER(N33-$N$12,2)) -> #N/A | S33: =VLOOKUP($C33,'Daily_BU설비데이터 '!$C$20:$T$1000,17,0) -> #N/A | T33: =VLOOKUP($C33,'Daily_BU설비데이터 '!$C$20:$T$1000,18,0) -> #N/A | U33: =(-449*((M33-0.332)/(N33-0.1858))^3)+(3525*((M33-0.332)/(N33-0.1858))^2)+(-6823.3*(M33-0.332)/(N33-0.1858))+5520.33 -> #N/A | AH33: 0.288 | AI33: 0.315 | AQ33: 0.67 | AR33: 0.321 | AY33: =$L$11 -> 70.8 | AZ33: =$O$11 -> 900 | BA33: =$Q$11 -> 1000 | BB33: =$R$13 -> 0.005
B34: #15 | F34: =VLOOKUP($C34,'Daily_BU설비데이터 '!$C$20:$T$1000,4,0) -> #N/A | G34: =VLOOKUP($C34,'Daily_BU설비데이터 '!$C$20:$T$1000,5,0) -> #N/A | H34: =VLOOKUP($C34,'Daily_BU설비데이터 '!$C$20:$T$1000,6,0) -> #N/A | I34: =VLOOKUP($C34,'Daily_BU설비데이터 '!$C$20:$T$1000,7,0) -> #N/A | J34: =VLOOKUP($C34,'Daily_BU설비데이터 '!$C$20:$T$1000,8,0) -> #N/A | K34: =VLOOKUP($C34,'Daily_BU설비데이터 '!$C$20:$T$1000,9,0) -> #N/A | L34: =1/2*((F34*I34+H34*K34+J34*G34)-(G34*H34+I34*J34+K34*F34))/0.1582*100 -> #N/A | M34: =VLOOKUP($C34,'Daily_BU설비데이터 '!$C$20:$T$1000,11,0) -> #N/A | N34: =VLOOKUP($C34,'Daily_BU설비데이터 '!$C$20:$T$1000,12,0) -> #N/A | O34: =VLOOKUP($C34,'Daily_BU설비데이터 '!$C$20:$T$1000,13,0) -> #N/A | P34: =VLOOKUP($C34,'Daily_BU설비데이터 '!$C$20:$T$1000,14,0) -> #N/A | Q34: =O34/P34 -> #N/A | R34: =SQRT(POWER(M34-$M$12,2)+POWER(N34-$N$12,2)) -> #N/A | S34: =VLOOKUP($C34,'Daily_BU설비데이터 '!$C$20:$T$1000,17,0) -> #N/A | T34: =VLOOKUP($C34,'Daily_BU설비데이터 '!$C$20:$T$1000,18,0) -> #N/A | U34: =(-449*((M34-0.332)/(N34-0.1858))^3)+(3525*((M34-0.332)/(N34-0.1858))^2)+(-6823.3*(M34-0.332)/(N34-0.1858))+5520.33 -> #N/A | AQ34: 0.61 | AR34: 0.321 | AY34: =$L$11 -> 70.8 | AZ34: =$O$11 -> 900 | BA34: =$Q$11 -> 1000 | BB34: =$R$13 -> 0.005
B35: #16 | F35: =VLOOKUP($C35,'Daily_BU설비데이터 '!$C$20:$T$1000,4,0) -> #N/A | G35: =VLOOKUP($C35,'Daily_BU설비데이터 '!$C$20:$T$1000,5,0) -> #N/A | H35: =VLOOKUP($C35,'Daily_BU설비데이터 '!$C$20:$T$1000,6,0) -> #N/A | I35: =VLOOKUP($C35,'Daily_BU설비데이터 '!$C$20:$T$1000,7,0) -> #N/A | J35: =VLOOKUP($C35,'Daily_BU설비데이터 '!$C$20:$T$1000,8,0) -> #N/A | K35: =VLOOKUP($C35,'Daily_BU설비데이터 '!$C$20:$T$1000,9,0) -> #N/A | L35: =1/2*((F35*I35+H35*K35+J35*G35)-(G35*H35+I35*J35+K35*F35))/0.1582*100 -> #N/A | M35: =VLOOKUP($C35,'Daily_BU설비데이터 '!$C$20:$T$1000,11,0) -> #N/A | N35: =VLOOKUP($C35,'Daily_BU설비데이터 '!$C$20:$T$1000,12,0) -> #N/A | O35: =VLOOKUP($C35,'Daily_BU설비데이터 '!$C$20:$T$1000,13,0) -> #N/A | P35: =VLOOKUP($C35,'Daily_BU설비데이터 '!$C$20:$T$1000,14,0) -> #N/A | Q35: =O35/P35 -> #N/A | R35: =SQRT(POWER(M35-$M$12,2)+POWER(N35-$N$12,2)) -> #N/A | S35: =VLOOKUP($C35,'Daily_BU설비데이터 '!$C$20:$T$1000,17,0) -> #N/A | T35: =VLOOKUP($C35,'Daily_BU설비데이터 '!$C$20:$T$1000,18,0) -> #N/A | U35: =(-449*((M35-0.332)/(N35-0.1858))^3)+(3525*((M35-0.332)/(N35-0.1858))^2)+(-6823.3*(M35-0.332)/(N35-0.1858))+5520.33 -> #N/A | AY35: =$L$11 -> 70.8 | AZ35: =$O$11 -> 900 | BA35: =$Q$11 -> 1000 | BB35: =$R$13 -> 0.005
B36: #17 | F36: =VLOOKUP($C36,'Daily_BU설비데이터 '!$C$20:$T$1000,4,0) -> #N/A | G36: =VLOOKUP($C36,'Daily_BU설비데이터 '!$C$20:$T$1000,5,0) -> #N/A | H36: =VLOOKUP($C36,'Daily_BU설비데이터 '!$C$20:$T$1000,6,0) -> #N/A | I36: =VLOOKUP($C36,'Daily_BU설비데이터 '!$C$20:$T$1000,7,0) -> #N/A | J36: =VLOOKUP($C36,'Daily_BU설비데이터 '!$C$20:$T$1000,8,0) -> #N/A | K36: =VLOOKUP($C36,'Daily_BU설비데이터 '!$C$20:$T$1000,9,0) -> #N/A | L36: =1/2*((F36*I36+H36*K36+J36*G36)-(G36*H36+I36*J36+K36*F36))/0.1582*100 -> #N/A | M36: =VLOOKUP($C36,'Daily_BU설비데이터 '!$C$20:$T$1000,11,0) -> #N/A | N36: =VLOOKUP($C36,'Daily_BU설비데이터 '!$C$20:$T$1000,12,0) -> #N/A | O36: =VLOOKUP($C36,'Daily_BU설비데이터 '!$C$20:$T$1000,13,0) -> #N/A | P36: =VLOOKUP($C36,'Daily_BU설비데이터 '!$C$20:$T$1000,14,0) -> #N/A | Q36: =O36/P36 -> #N/A | R36: =SQRT(POWER(M36-$M$12,2)+POWER(N36-$N$12,2)) -> #N/A | S36: =VLOOKUP($C36,'Daily_BU설비데이터 '!$C$20:$T$1000,17,0) -> #N/A | T36: =VLOOKUP($C36,'Daily_BU설비데이터 '!$C$20:$T$1000,18,0) -> #N/A | U36: =(-449*((M36-0.332)/(N36-0.1858))^3)+(3525*((M36-0.332)/(N36-0.1858))^2)+(-6823.3*(M36-0.332)/(N36-0.1858))+5520.33 -> #N/A | AY36: =$L$11 -> 70.8 | AZ36: =$O$11 -> 900 | BA36: =$Q$11 -> 1000 | BB36: =$R$13 -> 0.005
B37: #18 | F37: =VLOOKUP($C37,'Daily_BU설비데이터 '!$C$20:$T$1000,4,0) -> #N/A | G37: =VLOOKUP($C37,'Daily_BU설비데이터 '!$C$20:$T$1000,5,0) -> #N/A | H37: =VLOOKUP($C37,'Daily_BU설비데이터 '!$C$20:$T$1000,6,0) -> #N/A | I37: =VLOOKUP($C37,'Daily_BU설비데이터 '!$C$20:$T$1000,7,0) -> #N/A | J37: =VLOOKUP($C37,'Daily_BU설비데이터 '!$C$20:$T$1000,8,0) -> #N/A | K37: =VLOOKUP($C37,'Daily_BU설비데이터 '!$C$20:$T$1000,9,0) -> #N/A | L37: =1/2*((F37*I37+H37*K37+J37*G37)-(G37*H37+I37*J37+K37*F37))/0.1582*100 -> #N/A | M37: =VLOOKUP($C37,'Daily_BU설비데이터 '!$C$20:$T$1000,11,0) -> #N/A | N37: =VLOOKUP($C37,'Daily_BU설비데이터 '!$C$20:$T$1000,12,0) -> #N/A | O37: =VLOOKUP($C37,'Daily_BU설비데이터 '!$C$20:$T$1000,13,0) -> #N/A | P37: =VLOOKUP($C37,'Daily_BU설비데이터 '!$C$20:$T$1000,14,0) -> #N/A | Q37: =O37/P37 -> #N/A | R37: =SQRT(POWER(M37-$M$12,2)+POWER(N37-$N$12,2)) -> #N/A | S37: =VLOOKUP($C37,'Daily_BU설비데이터 '!$C$20:$T$1000,17,0) -> #N/A | T37: =VLOOKUP($C37,'Daily_BU설비데이터 '!$C$20:$T$1000,18,0) -> #N/A | U37: =(-449*((M37-0.332)/(N37-0.1858))^3)+(3525*((M37-0.332)/(N37-0.1858))^2)+(-6823.3*(M37-0.332)/(N37-0.1858))+5520.33 -> #N/A | AY37: =$L$11 -> 70.8 | AZ37: =$O$11 -> 900 | BA37: =$Q$11 -> 1000 | BB37: =$R$13 -> 0.005
B38: #19 | F38: =VLOOKUP($C38,'Daily_BU설비데이터 '!$C$20:$T$1000,4,0) -> #N/A | G38: =VLOOKUP($C38,'Daily_BU설비데이터 '!$C$20:$T$1000,5,0) -> #N/A | H38: =VLOOKUP($C38,'Daily_BU설비데이터 '!$C$20:$T$1000,6,0) -> #N/A | I38: =VLOOKUP($C38,'Daily_BU설비데이터 '!$C$20:$T$1000,7,0) -> #N/A | J38: =VLOOKUP($C38,'Daily_BU설비데이터 '!$C$20:$T$1000,8,0) -> #N/A | K38: =VLOOKUP($C38,'Daily_BU설비데이터 '!$C$20:$T$1000,9,0) -> #N/A | L38: =1/2*((F38*I38+H38*K38+J38*G38)-(G38*H38+I38*J38+K38*F38))/0.1582*100 -> #N/A | M38: =VLOOKUP($C38,'Daily_BU설비데이터 '!$C$20:$T$1000,11,0) -> #N/A | N38: =VLOOKUP($C38,'Daily_BU설비데이터 '!$C$20:$T$1000,12,0) -> #N/A | O38: =VLOOKUP($C38,'Daily_BU설비데이터 '!$C$20:$T$1000,13,0) -> #N/A | P38: =VLOOKUP($C38,'Daily_BU설비데이터 '!$C$20:$T$1000,14,0) -> #N/A | Q38: =O38/P38 -> #N/A | R38: =SQRT(POWER(M38-$M$12,2)+POWER(N38-$N$12,2)) -> #N/A | S38: =VLOOKUP($C38,'Daily_BU설비데이터 '!$C$20:$T$1000,17,0) -> #N/A | T38: =VLOOKUP($C38,'Daily_BU설비데이터 '!$C$20:$T$1000,18,0) -> #N/A | U38: =(-449*((M38-0.332)/(N38-0.1858))^3)+(3525*((M38-0.332)/(N38-0.1858))^2)+(-6823.3*(M38-0.332)/(N38-0.1858))+5520.33 -> #N/A | AY38: =$L$11 -> 70.8 | AZ38: =$O$11 -> 900 | BA38: =$Q$11 -> 1000 | BB38: =$R$13 -> 0.005
B39: #20 | F39: =VLOOKUP($C39,'Daily_BU설비데이터 '!$C$20:$T$1000,4,0) -> #N/A | G39: =VLOOKUP($C39,'Daily_BU설비데이터 '!$C$20:$T$1000,5,0) -> #N/A | H39: =VLOOKUP($C39,'Daily_BU설비데이터 '!$C$20:$T$1000,6,0) -> #N/A | I39: =VLOOKUP($C39,'Daily_BU설비데이터 '!$C$20:$T$1000,7,0) -> #N/A | J39: =VLOOKUP($C39,'Daily_BU설비데이터 '!$C$20:$T$1000,8,0) -> #N/A | K39: =VLOOKUP($C39,'Daily_BU설비데이터 '!$C$20:$T$1000,9,0) -> #N/A | L39: =1/2*((F39*I39+H39*K39+J39*G39)-(G39*H39+I39*J39+K39*F39))/0.1582*100 -> #N/A | M39: =VLOOKUP($C39,'Daily_BU설비데이터 '!$C$20:$T$1000,11,0) -> #N/A | N39: =VLOOKUP($C39,'Daily_BU설비데이터 '!$C$20:$T$1000,12,0) -> #N/A | O39: =VLOOKUP($C39,'Daily_BU설비데이터 '!$C$20:$T$1000,13,0) -> #N/A | P39: =VLOOKUP($C39,'Daily_BU설비데이터 '!$C$20:$T$1000,14,0) -> #N/A | Q39: =O39/P39 -> #N/A | R39: =SQRT(POWER(M39-$M$12,2)+POWER(N39-$N$12,2)) -> #N/A | S39: =VLOOKUP($C39,'Daily_BU설비데이터 '!$C$20:$T$1000,17,0) -> #N/A | T39: =VLOOKUP($C39,'Daily_BU설비데이터 '!$C$20:$T$1000,18,0) -> #N/A | U39: =(-449*((M39-0.332)/(N39-0.1858))^3)+(3525*((M39-0.332)/(N39-0.1858))^2)+(-6823.3*(M39-0.332)/(N39-0.1858))+5520.33 -> #N/A | AY39: =$L$11 -> 70.8 | AZ39: =$O$11 -> 900 | BA39: =$Q$11 -> 1000 | BB39: =$R$13 -> 0.005
B40: #21 | F40: =VLOOKUP($C40,'Daily_BU설비데이터 '!$C$20:$T$1000,4,0) -> #N/A | G40: =VLOOKUP($C40,'Daily_BU설비데이터 '!$C$20:$T$1000,5,0) -> #N/A | H40: =VLOOKUP($C40,'Daily_BU설비데이터 '!$C$20:$T$1000,6,0) -> #N/A | I40: =VLOOKUP($C40,'Daily_BU설비데이터 '!$C$20:$T$1000,7,0) -> #N/A | J40: =VLOOKUP($C40,'Daily_BU설비데이터 '!$C$20:$T$1000,8,0) -> #N/A | K40: =VLOOKUP($C40,'Daily_BU설비데이터 '!$C$20:$T$1000,9,0) -> #N/A | L40: =1/2*((F40*I40+H40*K40+J40*G40)-(G40*H40+I40*J40+K40*F40))/0.1582*100 -> #N/A | M40: =VLOOKUP($C40,'Daily_BU설비데이터 '!$C$20:$T$1000,11,0) -> #N/A | N40: =VLOOKUP($C40,'Daily_BU설비데이터 '!$C$20:$T$1000,12,0) -> #N/A | O40: =VLOOKUP($C40,'Daily_BU설비데이터 '!$C$20:$T$1000,13,0) -> #N/A | P40: =VLOOKUP($C40,'Daily_BU설비데이터 '!$C$20:$T$1000,14,0) -> #N/A | Q40: =O40/P40 -> #N/A | R40: =SQRT(POWER(M40-$M$12,2)+POWER(N40-$N$12,2)) -> #N/A | S40: =VLOOKUP($C40,'Daily_BU설비데이터 '!$C$20:$T$1000,17,0) -> #N/A | T40: =VLOOKUP($C40,'Daily_BU설비데이터 '!$C$20:$T$1000,18,0) -> #N/A | U40: =(-449*((M40-0.332)/(N40-0.1858))^3)+(3525*((M40-0.332)/(N40-0.1858))^2)+(-6823.3*(M40-0.332)/(N40-0.1858))+5520.33 -> #N/A | AY40: =$L$11 -> 70.8 | AZ40: =$O$11 -> 900 | BA40: =$Q$11 -> 1000 | BB40: =$R$13 -> 0.005
B41: #22 | F41: =VLOOKUP($C41,'Daily_BU설비데이터 '!$C$20:$T$1000,4,0) -> #N/A | G41: =VLOOKUP($C41,'Daily_BU설비데이터 '!$C$20:$T$1000,5,0) -> #N/A | H41: =VLOOKUP($C41,'Daily_BU설비데이터 '!$C$20:$T$1000,6,0) -> #N/A | I41: =VLOOKUP($C41,'Daily_BU설비데이터 '!$C$20:$T$1000,7,0) -> #N/A | J41: =VLOOKUP($C41,'Daily_BU설비데이터 '!$C$20:$T$1000,8,0) -> #N/A | K41: =VLOOKUP($C41,'Daily_BU설비데이터 '!$C$20:$T$1000,9,0) -> #N/A | L41: =1/2*((F41*I41+H41*K41+J41*G41)-(G41*H41+I41*J41+K41*F41))/0.1582*100 -> #N/A | M41: =VLOOKUP($C41,'Daily_BU설비데이터 '!$C$20:$T$1000,11,0) -> #N/A | N41: =VLOOKUP($C41,'Daily_BU설비데이터 '!$C$20:$T$1000,12,0) -> #N/A | O41: =VLOOKUP($C41,'Daily_BU설비데이터 '!$C$20:$T$1000,13,0) -> #N/A | P41: =VLOOKUP($C41,'Daily_BU설비데이터 '!$C$20:$T$1000,14,0) -> #N/A | Q41: =O41/P41 -> #N/A | R41: =SQRT(POWER(M41-$M$12,2)+POWER(N41-$N$12,2)) -> #N/A | S41: =VLOOKUP($C41,'Daily_BU설비데이터 '!$C$20:$T$1000,17,0) -> #N/A | T41: =VLOOKUP($C41,'Daily_BU설비데이터 '!$C$20:$T$1000,18,0) -> #N/A | U41: =(-449*((M41-0.332)/(N41-0.1858))^3)+(3525*((M41-0.332)/(N41-0.1858))^2)+(-6823.3*(M41-0.332)/(N41-0.1858))+5520.33 -> #N/A | AY41: =$L$11 -> 70.8 | AZ41: =$O$11 -> 900 | BA41: =$Q$11 -> 1000 | BB41: =$R$13 -> 0.005
B42: #23 | F42: =VLOOKUP($C42,'Daily_BU설비데이터 '!$C$20:$T$1000,4,0) -> #N/A | G42: =VLOOKUP($C42,'Daily_BU설비데이터 '!$C$20:$T$1000,5,0) -> #N/A | H42: =VLOOKUP($C42,'Daily_BU설비데이터 '!$C$20:$T$1000,6,0) -> #N/A | I42: =VLOOKUP($C42,'Daily_BU설비데이터 '!$C$20:$T$1000,7,0) -> #N/A | J42: =VLOOKUP($C42,'Daily_BU설비데이터 '!$C$20:$T$1000,8,0) -> #N/A | K42: =VLOOKUP($C42,'Daily_BU설비데이터 '!$C$20:$T$1000,9,0) -> #N/A | L42: =1/2*((F42*I42+H42*K42+J42*G42)-(G42*H42+I42*J42+K42*F42))/0.1582*100 -> #N/A | M42: =VLOOKUP($C42,'Daily_BU설비데이터 '!$C$20:$T$1000,11,0) -> #N/A | N42: =VLOOKUP($C42,'Daily_BU설비데이터 '!$C$20:$T$1000,12,0) -> #N/A | O42: =VLOOKUP($C42,'Daily_BU설비데이터 '!$C$20:$T$1000,13,0) -> #N/A | P42: =VLOOKUP($C42,'Daily_BU설비데이터 '!$C$20:$T$1000,14,0) -> #N/A | Q42: =O42/P42 -> #N/A | R42: =SQRT(POWER(M42-$M$12,2)+POWER(N42-$N$12,2)) -> #N/A | S42: =VLOOKUP($C42,'Daily_BU설비데이터 '!$C$20:$T$1000,17,0) -> #N/A | T42: =VLOOKUP($C42,'Daily_BU설비데이터 '!$C$20:$T$1000,18,0) -> #N/A | U42: =(-449*((M42-0.332)/(N42-0.1858))^3)+(3525*((M42-0.332)/(N42-0.1858))^2)+(-6823.3*(M42-0.332)/(N42-0.1858))+5520.33 -> #N/A | AY42: =$L$11 -> 70.8 | AZ42: =$O$11 -> 900 | BA42: =$Q$11 -> 1000 | BB42: =$R$13 -> 0.005
B43: #24 | F43: =VLOOKUP($C43,'Daily_BU설비데이터 '!$C$20:$T$1000,4,0) -> #N/A | G43: =VLOOKUP($C43,'Daily_BU설비데이터 '!$C$20:$T$1000,5,0) -> #N/A | H43: =VLOOKUP($C43,'Daily_BU설비데이터 '!$C$20:$T$1000,6,0) -> #N/A | I43: =VLOOKUP($C43,'Daily_BU설비데이터 '!$C$20:$T$1000,7,0) -> #N/A | J43: =VLOOKUP($C43,'Daily_BU설비데이터 '!$C$20:$T$1000,8,0) -> #N/A | K43: =VLOOKUP($C43,'Daily_BU설비데이터 '!$C$20:$T$1000,9,0) -> #N/A | L43: =1/2*((F43*I43+H43*K43+J43*G43)-(G43*H43+I43*J43+K43*F43))/0.1582*100 -> #N/A | M43: =VLOOKUP($C43,'Daily_BU설비데이터 '!$C$20:$T$1000,11,0) -> #N/A | N43: =VLOOKUP($C43,'Daily_BU설비데이터 '!$C$20:$T$1000,12,0) -> #N/A | O43: =VLOOKUP($C43,'Daily_BU설비데이터 '!$C$20:$T$1000,13,0) -> #N/A | P43: =VLOOKUP($C43,'Daily_BU설비데이터 '!$C$20:$T$1000,14,0) -> #N/A | Q43: =O43/P43 -> #N/A | R43: =SQRT(POWER(M43-$M$12,2)+POWER(N43-$N$12,2)) -> #N/A | S43: =VLOOKUP($C43,'Daily_BU설비데이터 '!$C$20:$T$1000,17,0) -> #N/A | T43: =VLOOKUP($C43,'Daily_BU설비데이터 '!$C$20:$T$1000,18,0) -> #N/A | U43: =(-449*((M43-0.332)/(N43-0.1858))^3)+(3525*((M43-0.332)/(N43-0.1858))^2)+(-6823.3*(M43-0.332)/(N43-0.1858))+5520.33 -> #N/A | AY43: =$L$11 -> 70.8 | AZ43: =$O$11 -> 900 | BA43: =$Q$11 -> 1000 | BB43: =$R$13 -> 0.005
B44: #25 | F44: =VLOOKUP($C44,'Daily_BU설비데이터 '!$C$20:$T$1000,4,0) -> #N/A | G44: =VLOOKUP($C44,'Daily_BU설비데이터 '!$C$20:$T$1000,5,0) -> #N/A | H44: =VLOOKUP($C44,'Daily_BU설비데이터 '!$C$20:$T$1000,6,0) -> #N/A | I44: =VLOOKUP($C44,'Daily_BU설비데이터 '!$C$20:$T$1000,7,0) -> #N/A | J44: =VLOOKUP($C44,'Daily_BU설비데이터 '!$C$20:$T$1000,8,0) -> #N/A | K44: =VLOOKUP($C44,'Daily_BU설비데이터 '!$C$20:$T$1000,9,0) -> #N/A | L44: =1/2*((F44*I44+H44*K44+J44*G44)-(G44*H44+I44*J44+K44*F44))/0.1582*100 -> #N/A | M44: =VLOOKUP($C44,'Daily_BU설비데이터 '!$C$20:$T$1000,11,0) -> #N/A | N44: =VLOOKUP($C44,'Daily_BU설비데이터 '!$C$20:$T$1000,12,0) -> #N/A | O44: =VLOOKUP($C44,'Daily_BU설비데이터 '!$C$20:$T$1000,13,0) -> #N/A | P44: =VLOOKUP($C44,'Daily_BU설비데이터 '!$C$20:$T$1000,14,0) -> #N/A | Q44: =O44/P44 -> #N/A | R44: =SQRT(POWER(M44-$M$12,2)+POWER(N44-$N$12,2)) -> #N/A | S44: =VLOOKUP($C44,'Daily_BU설비데이터 '!$C$20:$T$1000,17,0) -> #N/A | T44: =VLOOKUP($C44,'Daily_BU설비데이터 '!$C$20:$T$1000,18,0) -> #N/A | U44: =(-449*((M44-0.332)/(N44-0.1858))^3)+(3525*((M44-0.332)/(N44-0.1858))^2)+(-6823.3*(M44-0.332)/(N44-0.1858))+5520.33 -> #N/A | AY44: =$L$11 -> 70.8 | AZ44: =$O$11 -> 900 | BA44: =$Q$11 -> 1000 | BB44: =$R$13 -> 0.005
B45: #26 | F45: =VLOOKUP($C45,'Daily_BU설비데이터 '!$C$20:$T$1000,4,0) -> #N/A | G45: =VLOOKUP($C45,'Daily_BU설비데이터 '!$C$20:$T$1000,5,0) -> #N/A | H45: =VLOOKUP($C45,'Daily_BU설비데이터 '!$C$20:$T$1000,6,0) -> #N/A | I45: =VLOOKUP($C45,'Daily_BU설비데이터 '!$C$20:$T$1000,7,0) -> #N/A | J45: =VLOOKUP($C45,'Daily_BU설비데이터 '!$C$20:$T$1000,8,0) -> #N/A | K45: =VLOOKUP($C45,'Daily_BU설비데이터 '!$C$20:$T$1000,9,0) -> #N/A | L45: =1/2*((F45*I45+H45*K45+J45*G45)-(G45*H45+I45*J45+K45*F45))/0.1582*100 -> #N/A | M45: =VLOOKUP($C45,'Daily_BU설비데이터 '!$C$20:$T$1000,11,0) -> #N/A | N45: =VLOOKUP($C45,'Daily_BU설비데이터 '!$C$20:$T$1000,12,0) -> #N/A | O45: =VLOOKUP($C45,'Daily_BU설비데이터 '!$C$20:$T$1000,13,0) -> #N/A | P45: =VLOOKUP($C45,'Daily_BU설비데이터 '!$C$20:$T$1000,14,0) -> #N/A | Q45: =O45/P45 -> #N/A | R45: =SQRT(POWER(M45-$M$12,2)+POWER(N45-$N$12,2)) -> #N/A | S45: =VLOOKUP($C45,'Daily_BU설비데이터 '!$C$20:$T$1000,17,0) -> #N/A | T45: =VLOOKUP($C45,'Daily_BU설비데이터 '!$C$20:$T$1000,18,0) -> #N/A | U45: =(-449*((M45-0.332)/(N45-0.1858))^3)+(3525*((M45-0.332)/(N45-0.1858))^2)+(-6823.3*(M45-0.332)/(N45-0.1858))+5520.33 -> #N/A | AY45: =$L$11 -> 70.8 | AZ45: =$O$11 -> 900 | BA45: =$Q$11 -> 1000 | BB45: =$R$13 -> 0.005
B46: #27 | F46: =VLOOKUP($C46,'Daily_BU설비데이터 '!$C$20:$T$1000,4,0) -> #N/A | G46: =VLOOKUP($C46,'Daily_BU설비데이터 '!$C$20:$T$1000,5,0) -> #N/A | H46: =VLOOKUP($C46,'Daily_BU설비데이터 '!$C$20:$T$1000,6,0) -> #N/A | I46: =VLOOKUP($C46,'Daily_BU설비데이터 '!$C$20:$T$1000,7,0) -> #N/A | J46: =VLOOKUP($C46,'Daily_BU설비데이터 '!$C$20:$T$1000,8,0) -> #N/A | K46: =VLOOKUP($C46,'Daily_BU설비데이터 '!$C$20:$T$1000,9,0) -> #N/A | L46: =1/2*((F46*I46+H46*K46+J46*G46)-(G46*H46+I46*J46+K46*F46))/0.1582*100 -> #N/A | M46: =VLOOKUP($C46,'Daily_BU설비데이터 '!$C$20:$T$1000,11,0) -> #N/A | N46: =VLOOKUP($C46,'Daily_BU설비데이터 '!$C$20:$T$1000,12,0) -> #N/A | O46: =VLOOKUP($C46,'Daily_BU설비데이터 '!$C$20:$T$1000,13,0) -> #N/A | P46: =VLOOKUP($C46,'Daily_BU설비데이터 '!$C$20:$T$1000,14,0) -> #N/A | Q46: =O46/P46 -> #N/A | R46: =SQRT(POWER(M46-$M$12,2)+POWER(N46-$N$12,2)) -> #N/A | S46: =VLOOKUP($C46,'Daily_BU설비데이터 '!$C$20:$T$1000,17,0) -> #N/A | T46: =VLOOKUP($C46,'Daily_BU설비데이터 '!$C$20:$T$1000,18,0) -> #N/A | U46: =(-449*((M46-0.332)/(N46-0.1858))^3)+(3525*((M46-0.332)/(N46-0.1858))^2)+(-6823.3*(M46-0.332)/(N46-0.1858))+5520.33 -> #N/A | AY46: =$L$11 -> 70.8 | AZ46: =$O$11 -> 900 | BA46: =$Q$11 -> 1000 | BB46: =$R$13 -> 0.005
B47: #28 | F47: =VLOOKUP($C47,'Daily_BU설비데이터 '!$C$20:$T$1000,4,0) -> #N/A | G47: =VLOOKUP($C47,'Daily_BU설비데이터 '!$C$20:$T$1000,5,0) -> #N/A | H47: =VLOOKUP($C47,'Daily_BU설비데이터 '!$C$20:$T$1000,6,0) -> #N/A | I47: =VLOOKUP($C47,'Daily_BU설비데이터 '!$C$20:$T$1000,7,0) -> #N/A | J47: =VLOOKUP($C47,'Daily_BU설비데이터 '!$C$20:$T$1000,8,0) -> #N/A | K47: =VLOOKUP($C47,'Daily_BU설비데이터 '!$C$20:$T$1000,9,0) -> #N/A | L47: =1/2*((F47*I47+H47*K47+J47*G47)-(G47*H47+I47*J47+K47*F47))/0.1582*100 -> #N/A | M47: =VLOOKUP($C47,'Daily_BU설비데이터 '!$C$20:$T$1000,11,0) -> #N/A | N47: =VLOOKUP($C47,'Daily_BU설비데이터 '!$C$20:$T$1000,12,0) -> #N/A | O47: =VLOOKUP($C47,'Daily_BU설비데이터 '!$C$20:$T$1000,13,0) -> #N/A | P47: =VLOOKUP($C47,'Daily_BU설비데이터 '!$C$20:$T$1000,14,0) -> #N/A | Q47: =O47/P47 -> #N/A | R47: =SQRT(POWER(M47-$M$12,2)+POWER(N47-$N$12,2)) -> #N/A | S47: =VLOOKUP($C47,'Daily_BU설비데이터 '!$C$20:$T$1000,17,0) -> #N/A | T47: =VLOOKUP($C47,'Daily_BU설비데이터 '!$C$20:$T$1000,18,0) -> #N/A | U47: =(-449*((M47-0.332)/(N47-0.1858))^3)+(3525*((M47-0.332)/(N47-0.1858))^2)+(-6823.3*(M47-0.332)/(N47-0.1858))+5520.33 -> #N/A | AY47: =$L$11 -> 70.8 | AZ47: =$O$11 -> 900 | BA47: =$Q$11 -> 1000 | BB47: =$R$13 -> 0.005
B48: #29 | F48: =VLOOKUP($C48,'Daily_BU설비데이터 '!$C$20:$T$1000,4,0) -> #N/A | G48: =VLOOKUP($C48,'Daily_BU설비데이터 '!$C$20:$T$1000,5,0) -> #N/A | H48: =VLOOKUP($C48,'Daily_BU설비데이터 '!$C$20:$T$1000,6,0) -> #N/A | I48: =VLOOKUP($C48,'Daily_BU설비데이터 '!$C$20:$T$1000,7,0) -> #N/A | J48: =VLOOKUP($C48,'Daily_BU설비데이터 '!$C$20:$T$1000,8,0) -> #N/A | K48: =VLOOKUP($C48,'Daily_BU설비데이터 '!$C$20:$T$1000,9,0) -> #N/A | L48: =1/2*((F48*I48+H48*K48+J48*G48)-(G48*H48+I48*J48+K48*F48))/0.1582*100 -> #N/A | M48: =VLOOKUP($C48,'Daily_BU설비데이터 '!$C$20:$T$1000,11,0) -> #N/A | N48: =VLOOKUP($C48,'Daily_BU설비데이터 '!$C$20:$T$1000,12,0) -> #N/A | O48: =VLOOKUP($C48,'Daily_BU설비데이터 '!$C$20:$T$1000,13,0) -> #N/A | P48: =VLOOKUP($C48,'Daily_BU설비데이터 '!$C$20:$T$1000,14,0) -> #N/A | Q48: =O48/P48 -> #N/A | R48: =SQRT(POWER(M48-$M$12,2)+POWER(N48-$N$12,2)) -> #N/A | S48: =VLOOKUP($C48,'Daily_BU설비데이터 '!$C$20:$T$1000,17,0) -> #N/A | T48: =VLOOKUP($C48,'Daily_BU설비데이터 '!$C$20:$T$1000,18,0) -> #N/A | U48: =(-449*((M48-0.332)/(N48-0.1858))^3)+(3525*((M48-0.332)/(N48-0.1858))^2)+(-6823.3*(M48-0.332)/(N48-0.1858))+5520.33 -> #N/A | AH48: =H11 -> 0.262 | AI48: =I11 -> 0.617 | AQ48: =J11 -> 0.12 | AR48: =K11 -> 0.03 | AY48: =$L$11 -> 70.8 | AZ48: =$O$11 -> 900 | BA48: =$Q$11 -> 1000 | BB48: =$R$13 -> 0.005
B49: #30 | F49: =VLOOKUP($C49,'Daily_BU설비데이터 '!$C$20:$T$1000,4,0) -> #N/A | G49: =VLOOKUP($C49,'Daily_BU설비데이터 '!$C$20:$T$1000,5,0) -> #N/A | H49: =VLOOKUP($C49,'Daily_BU설비데이터 '!$C$20:$T$1000,6,0) -> #N/A | I49: =VLOOKUP($C49,'Daily_BU설비데이터 '!$C$20:$T$1000,7,0) -> #N/A | J49: =VLOOKUP($C49,'Daily_BU설비데이터 '!$C$20:$T$1000,8,0) -> #N/A | K49: =VLOOKUP($C49,'Daily_BU설비데이터 '!$C$20:$T$1000,9,0) -> #N/A | L49: =1/2*((F49*I49+H49*K49+J49*G49)-(G49*H49+I49*J49+K49*F49))/0.1582*100 -> #N/A | M49: =VLOOKUP($C49,'Daily_BU설비데이터 '!$C$20:$T$1000,11,0) -> #N/A | N49: =VLOOKUP($C49,'Daily_BU설비데이터 '!$C$20:$T$1000,12,0) -> #N/A | O49: =VLOOKUP($C49,'Daily_BU설비데이터 '!$C$20:$T$1000,13,0) -> #N/A | P49: =VLOOKUP($C49,'Daily_BU설비데이터 '!$C$20:$T$1000,14,0) -> #N/A | Q49: =O49/P49 -> #N/A | R49: =SQRT(POWER(M49-$M$12,2)+POWER(N49-$N$12,2)) -> #N/A | S49: =VLOOKUP($C49,'Daily_BU설비데이터 '!$C$20:$T$1000,17,0) -> #N/A | T49: =VLOOKUP($C49,'Daily_BU설비데이터 '!$C$20:$T$1000,18,0) -> #N/A | U49: =(-449*((M49-0.332)/(N49-0.1858))^3)+(3525*((M49-0.332)/(N49-0.1858))^2)+(-6823.3*(M49-0.332)/(N49-0.1858))+5520.33 -> #N/A | AH49: =H11 -> 0.262 | AI49: =I13 -> 0.677 | AQ49: =J11 -> 0.12 | AR49: =K13 -> 0.09 | AY49: =$L$11 -> 70.8 | AZ49: =$O$11 -> 900 | BA49: =$Q$11 -> 1000 | BB49: =$R$13 -> 0.005
B50: #31 | F50: =VLOOKUP($C50,'Daily_BU설비데이터 '!$C$20:$T$1000,4,0) -> #N/A | G50: =VLOOKUP($C50,'Daily_BU설비데이터 '!$C$20:$T$1000,5,0) -> #N/A | H50: =VLOOKUP($C50,'Daily_BU설비데이터 '!$C$20:$T$1000,6,0) -> #N/A | I50: =VLOOKUP($C50,'Daily_BU설비데이터 '!$C$20:$T$1000,7,0) -> #N/A | J50: =VLOOKUP($C50,'Daily_BU설비데이터 '!$C$20:$T$1000,8,0) -> #N/A | K50: =VLOOKUP($C50,'Daily_BU설비데이터 '!$C$20:$T$1000,9,0) -> #N/A | L50: =1/2*((F50*I50+H50*K50+J50*G50)-(G50*H50+I50*J50+K50*F50))/0.1582*100 -> #N/A | M50: =VLOOKUP($C50,'Daily_BU설비데이터 '!$C$20:$T$1000,11,0) -> #N/A | N50: =VLOOKUP($C50,'Daily_BU설비데이터 '!$C$20:$T$1000,12,0) -> #N/A | O50: =VLOOKUP($C50,'Daily_BU설비데이터 '!$C$20:$T$1000,13,0) -> #N/A | P50: =VLOOKUP($C50,'Daily_BU설비데이터 '!$C$20:$T$1000,14,0) -> #N/A | Q50: =O50/P50 -> #N/A | R50: =SQRT(POWER(M50-$M$12,2)+POWER(N50-$N$12,2)) -> #N/A | S50: =VLOOKUP($C50,'Daily_BU설비데이터 '!$C$20:$T$1000,17,0) -> #N/A | T50: =VLOOKUP($C50,'Daily_BU설비데이터 '!$C$20:$T$1000,18,0) -> #N/A | U50: =(-449*((M50-0.332)/(N50-0.1858))^3)+(3525*((M50-0.332)/(N50-0.1858))^2)+(-6823.3*(M50-0.332)/(N50-0.1858))+5520.33 -> #N/A | AH50: =H13 -> 0.322 | AI50: =I13 -> 0.677 | AQ50: =J13 -> 0.18 | AR50: =K13 -> 0.09 | AY50: =$L$11 -> 70.8 | AZ50: =$O$11 -> 900 | BA50: =$Q$11 -> 1000 | BB50: =$R$13 -> 0.005
B51: #32 | F51: =VLOOKUP($C51,'Daily_BU설비데이터 '!$C$20:$T$1000,4,0) -> #N/A | G51: =VLOOKUP($C51,'Daily_BU설비데이터 '!$C$20:$T$1000,5,0) -> #N/A | H51: =VLOOKUP($C51,'Daily_BU설비데이터 '!$C$20:$T$1000,6,0) -> #N/A | I51: =VLOOKUP($C51,'Daily_BU설비데이터 '!$C$20:$T$1000,7,0) -> #N/A | J51: =VLOOKUP($C51,'Daily_BU설비데이터 '!$C$20:$T$1000,8,0) -> #N/A | K51: =VLOOKUP($C51,'Daily_BU설비데이터 '!$C$20:$T$1000,9,0) -> #N/A | L51: =1/2*((F51*I51+H51*K51+J51*G51)-(G51*H51+I51*J51+K51*F51))/0.1582*100 -> #N/A | M51: =VLOOKUP($C51,'Daily_BU설비데이터 '!$C$20:$T$1000,11,0) -> #N/A | N51: =VLOOKUP($C51,'Daily_BU설비데이터 '!$C$20:$T$1000,12,0) -> #N/A | O51: =VLOOKUP($C51,'Daily_BU설비데이터 '!$C$20:$T$1000,13,0) -> #N/A | P51: =VLOOKUP($C51,'Daily_BU설비데이터 '!$C$20:$T$1000,14,0) -> #N/A | Q51: =O51/P51 -> #N/A | R51: =SQRT(POWER(M51-$M$12,2)+POWER(N51-$N$12,2)) -> #N/A | S51: =VLOOKUP($C51,'Daily_BU설비데이터 '!$C$20:$T$1000,17,0) -> #N/A | T51: =VLOOKUP($C51,'Daily_BU설비데이터 '!$C$20:$T$1000,18,0) -> #N/A | U51: =(-449*((M51-0.332)/(N51-0.1858))^3)+(3525*((M51-0.332)/(N51-0.1858))^2)+(-6823.3*(M51-0.332)/(N51-0.1858))+5520.33 -> #N/A | AH51: =H13 -> 0.322 | AI51: =I11 -> 0.617 | AQ51: =J13 -> 0.18 | AR51: =K11 -> 0.03 | AY51: =$L$11 -> 70.8 | AZ51: =$O$11 -> 900 | BA51: =$Q$11 -> 1000 | BB51: =$R$13 -> 0.005
B52: #33 | F52: =VLOOKUP($C52,'Daily_BU설비데이터 '!$C$20:$T$1000,4,0) -> #N/A | G52: =VLOOKUP($C52,'Daily_BU설비데이터 '!$C$20:$T$1000,5,0) -> #N/A | H52: =VLOOKUP($C52,'Daily_BU설비데이터 '!$C$20:$T$1000,6,0) -> #N/A | I52: =VLOOKUP($C52,'Daily_BU설비데이터 '!$C$20:$T$1000,7,0) -> #N/A | J52: =VLOOKUP($C52,'Daily_BU설비데이터 '!$C$20:$T$1000,8,0) -> #N/A | K52: =VLOOKUP($C52,'Daily_BU설비데이터 '!$C$20:$T$1000,9,0) -> #N/A | L52: =1/2*((F52*I52+H52*K52+J52*G52)-(G52*H52+I52*J52+K52*F52))/0.1582*100 -> #N/A | M52: =VLOOKUP($C52,'Daily_BU설비데이터 '!$C$20:$T$1000,11,0) -> #N/A | N52: =VLOOKUP($C52,'Daily_BU설비데이터 '!$C$20:$T$1000,12,0) -> #N/A | O52: =VLOOKUP($C52,'Daily_BU설비데이터 '!$C$20:$T$1000,13,0) -> #N/A | P52: =VLOOKUP($C52,'Daily_BU설비데이터 '!$C$20:$T$1000,14,0) -> #N/A | Q52: =O52/P52 -> #N/A | R52: =SQRT(POWER(M52-$M$12,2)+POWER(N52-$N$12,2)) -> #N/A | S52: =VLOOKUP($C52,'Daily_BU설비데이터 '!$C$20:$T$1000,17,0) -> #N/A | T52: =VLOOKUP($C52,'Daily_BU설비데이터 '!$C$20:$T$1000,18,0) -> #N/A | U52: =(-449*((M52-0.332)/(N52-0.1858))^3)+(3525*((M52-0.332)/(N52-0.1858))^2)+(-6823.3*(M52-0.332)/(N52-0.1858))+5520.33 -> #N/A | AH52: =H11 -> 0.262 | AI52: =I11 -> 0.617 | AQ52: =J11 -> 0.12 | AR52: =K11 -> 0.03 | AY52: =$L$11 -> 70.8 | AZ52: =$O$11 -> 900 | BA52: =$Q$11 -> 1000 | BB52: =$R$13 -> 0.005
B53: #34 | F53: =VLOOKUP($C53,'Daily_BU설비데이터 '!$C$20:$T$1000,4,0) -> #N/A | G53: =VLOOKUP($C53,'Daily_BU설비데이터 '!$C$20:$T$1000,5,0) -> #N/A | H53: =VLOOKUP($C53,'Daily_BU설비데이터 '!$C$20:$T$1000,6,0) -> #N/A | I53: =VLOOKUP($C53,'Daily_BU설비데이터 '!$C$20:$T$1000,7,0) -> #N/A | J53: =VLOOKUP($C53,'Daily_BU설비데이터 '!$C$20:$T$1000,8,0) -> #N/A | K53: =VLOOKUP($C53,'Daily_BU설비데이터 '!$C$20:$T$1000,9,0) -> #N/A | L53: =1/2*((F53*I53+H53*K53+J53*G53)-(G53*H53+I53*J53+K53*F53))/0.1582*100 -> #N/A | M53: =VLOOKUP($C53,'Daily_BU설비데이터 '!$C$20:$T$1000,11,0) -> #N/A | N53: =VLOOKUP($C53,'Daily_BU설비데이터 '!$C$20:$T$1000,12,0) -> #N/A | O53: =VLOOKUP($C53,'Daily_BU설비데이터 '!$C$20:$T$1000,13,0) -> #N/A | P53: =VLOOKUP($C53,'Daily_BU설비데이터 '!$C$20:$T$1000,14,0) -> #N/A | Q53: =O53/P53 -> #N/A | R53: =SQRT(POWER(M53-$M$12,2)+POWER(N53-$N$12,2)) -> #N/A | S53: =VLOOKUP($C53,'Daily_BU설비데이터 '!$C$20:$T$1000,17,0) -> #N/A | T53: =VLOOKUP($C53,'Daily_BU설비데이터 '!$C$20:$T$1000,18,0) -> #N/A | U53: =(-449*((M53-0.332)/(N53-0.1858))^3)+(3525*((M53-0.332)/(N53-0.1858))^2)+(-6823.3*(M53-0.332)/(N53-0.1858))+5520.33 -> #N/A | AI53: (Auto Update) | AR53: (Auto Update) | AY53: =$L$11 -> 70.8 | AZ53: =$O$11 -> 900 | BA53: =$Q$11 -> 1000 | BB53: =$R$13 -> 0.005
B54: #35 | F54: =VLOOKUP($C54,'Daily_BU설비데이터 '!$C$20:$T$1000,4,0) -> #N/A | G54: =VLOOKUP($C54,'Daily_BU설비데이터 '!$C$20:$T$1000,5,0) -> #N/A | H54: =VLOOKUP($C54,'Daily_BU설비데이터 '!$C$20:$T$1000,6,0) -> #N/A | I54: =VLOOKUP($C54,'Daily_BU설비데이터 '!$C$20:$T$1000,7,0) -> #N/A | J54: =VLOOKUP($C54,'Daily_BU설비데이터 '!$C$20:$T$1000,8,0) -> #N/A | K54: =VLOOKUP($C54,'Daily_BU설비데이터 '!$C$20:$T$1000,9,0) -> #N/A | L54: =1/2*((F54*I54+H54*K54+J54*G54)-(G54*H54+I54*J54+K54*F54))/0.1582*100 -> #N/A | M54: =VLOOKUP($C54,'Daily_BU설비데이터 '!$C$20:$T$1000,11,0) -> #N/A | N54: =VLOOKUP($C54,'Daily_BU설비데이터 '!$C$20:$T$1000,12,0) -> #N/A | O54: =VLOOKUP($C54,'Daily_BU설비데이터 '!$C$20:$T$1000,13,0) -> #N/A | P54: =VLOOKUP($C54,'Daily_BU설비데이터 '!$C$20:$T$1000,14,0) -> #N/A | Q54: =O54/P54 -> #N/A | R54: =SQRT(POWER(M54-$M$12,2)+POWER(N54-$N$12,2)) -> #N/A | S54: =VLOOKUP($C54,'Daily_BU설비데이터 '!$C$20:$T$1000,17,0) -> #N/A | T54: =VLOOKUP($C54,'Daily_BU설비데이터 '!$C$20:$T$1000,18,0) -> #N/A | U54: =(-449*((M54-0.332)/(N54-0.1858))^3)+(3525*((M54-0.332)/(N54-0.1858))^2)+(-6823.3*(M54-0.332)/(N54-0.1858))+5520.33 -> #N/A | AY54: =$L$11 -> 70.8 | AZ54: =$O$11 -> 900 | BA54: =$Q$11 -> 1000 | BB54: =$R$13 -> 0.005
B55: #36 | F55: =VLOOKUP($C55,'Daily_BU설비데이터 '!$C$20:$T$1000,4,0) -> #N/A | G55: =VLOOKUP($C55,'Daily_BU설비데이터 '!$C$20:$T$1000,5,0) -> #N/A | H55: =VLOOKUP($C55,'Daily_BU설비데이터 '!$C$20:$T$1000,6,0) -> #N/A | I55: =VLOOKUP($C55,'Daily_BU설비데이터 '!$C$20:$T$1000,7,0) -> #N/A | J55: =VLOOKUP($C55,'Daily_BU설비데이터 '!$C$20:$T$1000,8,0) -> #N/A | K55: =VLOOKUP($C55,'Daily_BU설비데이터 '!$C$20:$T$1000,9,0) -> #N/A | L55: =1/2*((F55*I55+H55*K55+J55*G55)-(G55*H55+I55*J55+K55*F55))/0.1582*100 -> #N/A | M55: =VLOOKUP($C55,'Daily_BU설비데이터 '!$C$20:$T$1000,11,0) -> #N/A | N55: =VLOOKUP($C55,'Daily_BU설비데이터 '!$C$20:$T$1000,12,0) -> #N/A | O55: =VLOOKUP($C55,'Daily_BU설비데이터 '!$C$20:$T$1000,13,0) -> #N/A | P55: =VLOOKUP($C55,'Daily_BU설비데이터 '!$C$20:$T$1000,14,0) -> #N/A | Q55: =O55/P55 -> #N/A | R55: =SQRT(POWER(M55-$M$12,2)+POWER(N55-$N$12,2)) -> #N/A | S55: =VLOOKUP($C55,'Daily_BU설비데이터 '!$C$20:$T$1000,17,0) -> #N/A | T55: =VLOOKUP($C55,'Daily_BU설비데이터 '!$C$20:$T$1000,18,0) -> #N/A | U55: =(-449*((M55-0.332)/(N55-0.1858))^3)+(3525*((M55-0.332)/(N55-0.1858))^2)+(-6823.3*(M55-0.332)/(N55-0.1858))+5520.33 -> #N/A | AY55: =$L$11 -> 70.8 | AZ55: =$O$11 -> 900 | BA55: =$Q$11 -> 1000 | BB55: =$R$13 -> 0.005
B56: #37 | F56: =VLOOKUP($C56,'Daily_BU설비데이터 '!$C$20:$T$1000,4,0) -> #N/A | G56: =VLOOKUP($C56,'Daily_BU설비데이터 '!$C$20:$T$1000,5,0) -> #N/A | H56: =VLOOKUP($C56,'Daily_BU설비데이터 '!$C$20:$T$1000,6,0) -> #N/A | I56: =VLOOKUP($C56,'Daily_BU설비데이터 '!$C$20:$T$1000,7,0) -> #N/A | J56: =VLOOKUP($C56,'Daily_BU설비데이터 '!$C$20:$T$1000,8,0) -> #N/A | K56: =VLOOKUP($C56,'Daily_BU설비데이터 '!$C$20:$T$1000,9,0) -> #N/A | L56: =1/2*((F56*I56+H56*K56+J56*G56)-(G56*H56+I56*J56+K56*F56))/0.1582*100 -> #N/A | M56: =VLOOKUP($C56,'Daily_BU설비데이터 '!$C$20:$T$1000,11,0) -> #N/A | N56: =VLOOKUP($C56,'Daily_BU설비데이터 '!$C$20:$T$1000,12,0) -> #N/A | O56: =VLOOKUP($C56,'Daily_BU설비데이터 '!$C$20:$T$1000,13,0) -> #N/A | P56: =VLOOKUP($C56,'Daily_BU설비데이터 '!$C$20:$T$1000,14,0) -> #N/A | Q56: =O56/P56 -> #N/A | R56: =SQRT(POWER(M56-$M$12,2)+POWER(N56-$N$12,2)) -> #N/A | S56: =VLOOKUP($C56,'Daily_BU설비데이터 '!$C$20:$T$1000,17,0) -> #N/A | T56: =VLOOKUP($C56,'Daily_BU설비데이터 '!$C$20:$T$1000,18,0) -> #N/A | U56: =(-449*((M56-0.332)/(N56-0.1858))^3)+(3525*((M56-0.332)/(N56-0.1858))^2)+(-6823.3*(M56-0.332)/(N56-0.1858))+5520.33 -> #N/A | AY56: =$L$11 -> 70.8 | AZ56: =$O$11 -> 900 | BA56: =$Q$11 -> 1000 | BB56: =$R$13 -> 0.005
B57: #38 | F57: =VLOOKUP($C57,'Daily_BU설비데이터 '!$C$20:$T$1000,4,0) -> #N/A | G57: =VLOOKUP($C57,'Daily_BU설비데이터 '!$C$20:$T$1000,5,0) -> #N/A | H57: =VLOOKUP($C57,'Daily_BU설비데이터 '!$C$20:$T$1000,6,0) -> #N/A | I57: =VLOOKUP($C57,'Daily_BU설비데이터 '!$C$20:$T$1000,7,0) -> #N/A | J57: =VLOOKUP($C57,'Daily_BU설비데이터 '!$C$20:$T$1000,8,0) -> #N/A | K57: =VLOOKUP($C57,'Daily_BU설비데이터 '!$C$20:$T$1000,9,0) -> #N/A | L57: =1/2*((F57*I57+H57*K57+J57*G57)-(G57*H57+I57*J57+K57*F57))/0.1582*100 -> #N/A | M57: =VLOOKUP($C57,'Daily_BU설비데이터 '!$C$20:$T$1000,11,0) -> #N/A | N57: =VLOOKUP($C57,'Daily_BU설비데이터 '!$C$20:$T$1000,12,0) -> #N/A | O57: =VLOOKUP($C57,'Daily_BU설비데이터 '!$C$20:$T$1000,13,0) -> #N/A | P57: =VLOOKUP($C57,'Daily_BU설비데이터 '!$C$20:$T$1000,14,0) -> #N/A | Q57: =O57/P57 -> #N/A | R57: =SQRT(POWER(M57-$M$12,2)+POWER(N57-$N$12,2)) -> #N/A | S57: =VLOOKUP($C57,'Daily_BU설비데이터 '!$C$20:$T$1000,17,0) -> #N/A | T57: =VLOOKUP($C57,'Daily_BU설비데이터 '!$C$20:$T$1000,18,0) -> #N/A | U57: =(-449*((M57-0.332)/(N57-0.1858))^3)+(3525*((M57-0.332)/(N57-0.1858))^2)+(-6823.3*(M57-0.332)/(N57-0.1858))+5520.33 -> #N/A | AY57: =$L$11 -> 70.8 | AZ57: =$O$11 -> 900 | BA57: =$Q$11 -> 1000 | BB57: =$R$13 -> 0.005
B58: #39 | F58: =VLOOKUP($C58,'Daily_BU설비데이터 '!$C$20:$T$1000,4,0) -> #N/A | G58: =VLOOKUP($C58,'Daily_BU설비데이터 '!$C$20:$T$1000,5,0) -> #N/A | H58: =VLOOKUP($C58,'Daily_BU설비데이터 '!$C$20:$T$1000,6,0) -> #N/A | I58: =VLOOKUP($C58,'Daily_BU설비데이터 '!$C$20:$T$1000,7,0) -> #N/A | J58: =VLOOKUP($C58,'Daily_BU설비데이터 '!$C$20:$T$1000,8,0) -> #N/A | K58: =VLOOKUP($C58,'Daily_BU설비데이터 '!$C$20:$T$1000,9,0) -> #N/A | L58: =1/2*((F58*I58+H58*K58+J58*G58)-(G58*H58+I58*J58+K58*F58))/0.1582*100 -> #N/A | M58: =VLOOKUP($C58,'Daily_BU설비데이터 '!$C$20:$T$1000,11,0) -> #N/A | N58: =VLOOKUP($C58,'Daily_BU설비데이터 '!$C$20:$T$1000,12,0) -> #N/A | O58: =VLOOKUP($C58,'Daily_BU설비데이터 '!$C$20:$T$1000,13,0) -> #N/A | P58: =VLOOKUP($C58,'Daily_BU설비데이터 '!$C$20:$T$1000,14,0) -> #N/A | Q58: =O58/P58 -> #N/A | R58: =SQRT(POWER(M58-$M$12,2)+POWER(N58-$N$12,2)) -> #N/A | S58: =VLOOKUP($C58,'Daily_BU설비데이터 '!$C$20:$T$1000,17,0) -> #N/A | T58: =VLOOKUP($C58,'Daily_BU설비데이터 '!$C$20:$T$1000,18,0) -> #N/A | U58: =(-449*((M58-0.332)/(N58-0.1858))^3)+(3525*((M58-0.332)/(N58-0.1858))^2)+(-6823.3*(M58-0.332)/(N58-0.1858))+5520.33 -> #N/A | AY58: =$L$11 -> 70.8 | AZ58: =$O$11 -> 900 | BA58: =$Q$11 -> 1000 | BB58: =$R$13 -> 0.005
B59: #40 | F59: =VLOOKUP($C59,'Daily_BU설비데이터 '!$C$20:$T$1000,4,0) -> #N/A | G59: =VLOOKUP($C59,'Daily_BU설비데이터 '!$C$20:$T$1000,5,0) -> #N/A | H59: =VLOOKUP($C59,'Daily_BU설비데이터 '!$C$20:$T$1000,6,0) -> #N/A | I59: =VLOOKUP($C59,'Daily_BU설비데이터 '!$C$20:$T$1000,7,0) -> #N/A | J59: =VLOOKUP($C59,'Daily_BU설비데이터 '!$C$20:$T$1000,8,0) -> #N/A | K59: =VLOOKUP($C59,'Daily_BU설비데이터 '!$C$20:$T$1000,9,0) -> #N/A | L59: =1/2*((F59*I59+H59*K59+J59*G59)-(G59*H59+I59*J59+K59*F59))/0.1582*100 -> #N/A | M59: =VLOOKUP($C59,'Daily_BU설비데이터 '!$C$20:$T$1000,11,0) -> #N/A | N59: =VLOOKUP($C59,'Daily_BU설비데이터 '!$C$20:$T$1000,12,0) -> #N/A | O59: =VLOOKUP($C59,'Daily_BU설비데이터 '!$C$20:$T$1000,13,0) -> #N/A | P59: =VLOOKUP($C59,'Daily_BU설비데이터 '!$C$20:$T$1000,14,0) -> #N/A | Q59: =O59/P59 -> #N/A | R59: =SQRT(POWER(M59-$M$12,2)+POWER(N59-$N$12,2)) -> #N/A | S59: =VLOOKUP($C59,'Daily_BU설비데이터 '!$C$20:$T$1000,17,0) -> #N/A | T59: =VLOOKUP($C59,'Daily_BU설비데이터 '!$C$20:$T$1000,18,0) -> #N/A | U59: =(-449*((M59-0.332)/(N59-0.1858))^3)+(3525*((M59-0.332)/(N59-0.1858))^2)+(-6823.3*(M59-0.332)/(N59-0.1858))+5520.33 -> #N/A | AY59: =$L$11 -> 70.8 | AZ59: =$O$11 -> 900 | BA59: =$Q$11 -> 1000 | BB59: =$R$13 -> 0.005
B60: #41 | F60: =VLOOKUP($C60,'Daily_BU설비데이터 '!$C$20:$T$1000,4,0) -> #N/A | G60: =VLOOKUP($C60,'Daily_BU설비데이터 '!$C$20:$T$1000,5,0) -> #N/A | H60: =VLOOKUP($C60,'Daily_BU설비데이터 '!$C$20:$T$1000,6,0) -> #N/A | I60: =VLOOKUP($C60,'Daily_BU설비데이터 '!$C$20:$T$1000,7,0) -> #N/A | J60: =VLOOKUP($C60,'Daily_BU설비데이터 '!$C$20:$T$1000,8,0) -> #N/A | K60: =VLOOKUP($C60,'Daily_BU설비데이터 '!$C$20:$T$1000,9,0) -> #N/A | L60: =1/2*((F60*I60+H60*K60+J60*G60)-(G60*H60+I60*J60+K60*F60))/0.1582*100 -> #N/A | M60: =VLOOKUP($C60,'Daily_BU설비데이터 '!$C$20:$T$1000,11,0) -> #N/A | N60: =VLOOKUP($C60,'Daily_BU설비데이터 '!$C$20:$T$1000,12,0) -> #N/A | O60: =VLOOKUP($C60,'Daily_BU설비데이터 '!$C$20:$T$1000,13,0) -> #N/A | P60: =VLOOKUP($C60,'Daily_BU설비데이터 '!$C$20:$T$1000,14,0) -> #N/A | Q60: =O60/P60 -> #N/A | R60: =SQRT(POWER(M60-$M$12,2)+POWER(N60-$N$12,2)) -> #N/A | S60: =VLOOKUP($C60,'Daily_BU설비데이터 '!$C$20:$T$1000,17,0) -> #N/A | T60: =VLOOKUP($C60,'Daily_BU설비데이터 '!$C$20:$T$1000,18,0) -> #N/A | U60: =(-449*((M60-0.332)/(N60-0.1858))^3)+(3525*((M60-0.332)/(N60-0.1858))^2)+(-6823.3*(M60-0.332)/(N60-0.1858))+5520.33 -> #N/A | AY60: =$L$11 -> 70.8 | AZ60: =$O$11 -> 900 | BA60: =$Q$11 -> 1000 | BB60: =$R$13 -> 0.005
B61: #42 | F61: =VLOOKUP($C61,'Daily_BU설비데이터 '!$C$20:$T$1000,4,0) -> #N/A | G61: =VLOOKUP($C61,'Daily_BU설비데이터 '!$C$20:$T$1000,5,0) -> #N/A | H61: =VLOOKUP($C61,'Daily_BU설비데이터 '!$C$20:$T$1000,6,0) -> #N/A | I61: =VLOOKUP($C61,'Daily_BU설비데이터 '!$C$20:$T$1000,7,0) -> #N/A | J61: =VLOOKUP($C61,'Daily_BU설비데이터 '!$C$20:$T$1000,8,0) -> #N/A | K61: =VLOOKUP($C61,'Daily_BU설비데이터 '!$C$20:$T$1000,9,0) -> #N/A | L61: =1/2*((F61*I61+H61*K61+J61*G61)-(G61*H61+I61*J61+K61*F61))/0.1582*100 -> #N/A | M61: =VLOOKUP($C61,'Daily_BU설비데이터 '!$C$20:$T$1000,11,0) -> #N/A | N61: =VLOOKUP($C61,'Daily_BU설비데이터 '!$C$20:$T$1000,12,0) -> #N/A | O61: =VLOOKUP($C61,'Daily_BU설비데이터 '!$C$20:$T$1000,13,0) -> #N/A | P61: =VLOOKUP($C61,'Daily_BU설비데이터 '!$C$20:$T$1000,14,0) -> #N/A | Q61: =O61/P61 -> #N/A | R61: =SQRT(POWER(M61-$M$12,2)+POWER(N61-$N$12,2)) -> #N/A | S61: =VLOOKUP($C61,'Daily_BU설비데이터 '!$C$20:$T$1000,17,0) -> #N/A | T61: =VLOOKUP($C61,'Daily_BU설비데이터 '!$C$20:$T$1000,18,0) -> #N/A | U61: =(-449*((M61-0.332)/(N61-0.1858))^3)+(3525*((M61-0.332)/(N61-0.1858))^2)+(-6823.3*(M61-0.332)/(N61-0.1858))+5520.33 -> #N/A | AY61: =$L$11 -> 70.8 | AZ61: =$O$11 -> 900 | BA61: =$Q$11 -> 1000 | BB61: =$R$13 -> 0.005
B62: #43 | F62: =VLOOKUP($C62,'Daily_BU설비데이터 '!$C$20:$T$1000,4,0) -> #N/A | G62: =VLOOKUP($C62,'Daily_BU설비데이터 '!$C$20:$T$1000,5,0) -> #N/A | H62: =VLOOKUP($C62,'Daily_BU설비데이터 '!$C$20:$T$1000,6,0) -> #N/A | I62: =VLOOKUP($C62,'Daily_BU설비데이터 '!$C$20:$T$1000,7,0) -> #N/A | J62: =VLOOKUP($C62,'Daily_BU설비데이터 '!$C$20:$T$1000,8,0) -> #N/A | K62: =VLOOKUP($C62,'Daily_BU설비데이터 '!$C$20:$T$1000,9,0) -> #N/A | L62: =1/2*((F62*I62+H62*K62+J62*G62)-(G62*H62+I62*J62+K62*F62))/0.1582*100 -> #N/A | M62: =VLOOKUP($C62,'Daily_BU설비데이터 '!$C$20:$T$1000,11,0) -> #N/A | N62: =VLOOKUP($C62,'Daily_BU설비데이터 '!$C$20:$T$1000,12,0) -> #N/A | O62: =VLOOKUP($C62,'Daily_BU설비데이터 '!$C$20:$T$1000,13,0) -> #N/A | P62: =VLOOKUP($C62,'Daily_BU설비데이터 '!$C$20:$T$1000,14,0) -> #N/A | Q62: =O62/P62 -> #N/A | R62: =SQRT(POWER(M62-$M$12,2)+POWER(N62-$N$12,2)) -> #N/A | S62: =VLOOKUP($C62,'Daily_BU설비데이터 '!$C$20:$T$1000,17,0) -> #N/A | T62: =VLOOKUP($C62,'Daily_BU설비데이터 '!$C$20:$T$1000,18,0) -> #N/A | U62: =(-449*((M62-0.332)/(N62-0.1858))^3)+(3525*((M62-0.332)/(N62-0.1858))^2)+(-6823.3*(M62-0.332)/(N62-0.1858))+5520.33 -> #N/A | AY62: =$L$11 -> 70.8 | AZ62: =$O$11 -> 900 | BA62: =$Q$11 -> 1000 | BB62: =$R$13 -> 0.005
B63: #44 | F63: =VLOOKUP($C63,'Daily_BU설비데이터 '!$C$20:$T$1000,4,0) -> #N/A | G63: =VLOOKUP($C63,'Daily_BU설비데이터 '!$C$20:$T$1000,5,0) -> #N/A | H63: =VLOOKUP($C63,'Daily_BU설비데이터 '!$C$20:$T$1000,6,0) -> #N/A | I63: =VLOOKUP($C63,'Daily_BU설비데이터 '!$C$20:$T$1000,7,0) -> #N/A | J63: =VLOOKUP($C63,'Daily_BU설비데이터 '!$C$20:$T$1000,8,0) -> #N/A | K63: =VLOOKUP($C63,'Daily_BU설비데이터 '!$C$20:$T$1000,9,0) -> #N/A | L63: =1/2*((F63*I63+H63*K63+J63*G63)-(G63*H63+I63*J63+K63*F63))/0.1582*100 -> #N/A | M63: =VLOOKUP($C63,'Daily_BU설비데이터 '!$C$20:$T$1000,11,0) -> #N/A | N63: =VLOOKUP($C63,'Daily_BU설비데이터 '!$C$20:$T$1000,12,0) -> #N/A | O63: =VLOOKUP($C63,'Daily_BU설비데이터 '!$C$20:$T$1000,13,0) -> #N/A | P63: =VLOOKUP($C63,'Daily_BU설비데이터 '!$C$20:$T$1000,14,0) -> #N/A | Q63: =O63/P63 -> #N/A | R63: =SQRT(POWER(M63-$M$12,2)+POWER(N63-$N$12,2)) -> #N/A | S63: =VLOOKUP($C63,'Daily_BU설비데이터 '!$C$20:$T$1000,17,0) -> #N/A | T63: =VLOOKUP($C63,'Daily_BU설비데이터 '!$C$20:$T$1000,18,0) -> #N/A | U63: =(-449*((M63-0.332)/(N63-0.1858))^3)+(3525*((M63-0.332)/(N63-0.1858))^2)+(-6823.3*(M63-0.332)/(N63-0.1858))+5520.33 -> #N/A | AY63: =$L$11 -> 70.8 | AZ63: =$O$11 -> 900 | BA63: =$Q$11 -> 1000 | BB63: =$R$13 -> 0.005
B64: #45 | F64: =VLOOKUP($C64,'Daily_BU설비데이터 '!$C$20:$T$1000,4,0) -> #N/A | G64: =VLOOKUP($C64,'Daily_BU설비데이터 '!$C$20:$T$1000,5,0) -> #N/A | H64: =VLOOKUP($C64,'Daily_BU설비데이터 '!$C$20:$T$1000,6,0) -> #N/A | I64: =VLOOKUP($C64,'Daily_BU설비데이터 '!$C$20:$T$1000,7,0) -> #N/A | J64: =VLOOKUP($C64,'Daily_BU설비데이터 '!$C$20:$T$1000,8,0) -> #N/A | K64: =VLOOKUP($C64,'Daily_BU설비데이터 '!$C$20:$T$1000,9,0) -> #N/A | L64: =1/2*((F64*I64+H64*K64+J64*G64)-(G64*H64+I64*J64+K64*F64))/0.1582*100 -> #N/A | M64: =VLOOKUP($C64,'Daily_BU설비데이터 '!$C$20:$T$1000,11,0) -> #N/A | N64: =VLOOKUP($C64,'Daily_BU설비데이터 '!$C$20:$T$1000,12,0) -> #N/A | O64: =VLOOKUP($C64,'Daily_BU설비데이터 '!$C$20:$T$1000,13,0) -> #N/A | P64: =VLOOKUP($C64,'Daily_BU설비데이터 '!$C$20:$T$1000,14,0) -> #N/A | Q64: =O64/P64 -> #N/A | R64: =SQRT(POWER(M64-$M$12,2)+POWER(N64-$N$12,2)) -> #N/A | S64: =VLOOKUP($C64,'Daily_BU설비데이터 '!$C$20:$T$1000,17,0) -> #N/A | T64: =VLOOKUP($C64,'Daily_BU설비데이터 '!$C$20:$T$1000,18,0) -> #N/A | U64: =(-449*((M64-0.332)/(N64-0.1858))^3)+(3525*((M64-0.332)/(N64-0.1858))^2)+(-6823.3*(M64-0.332)/(N64-0.1858))+5520.33 -> #N/A | AY64: =$L$11 -> 70.8 | AZ64: =$O$11 -> 900 | BA64: =$Q$11 -> 1000 | BB64: =$R$13 -> 0.005
B65: #46 | F65: =VLOOKUP($C65,'Daily_BU설비데이터 '!$C$20:$T$1000,4,0) -> #N/A | G65: =VLOOKUP($C65,'Daily_BU설비데이터 '!$C$20:$T$1000,5,0) -> #N/A | H65: =VLOOKUP($C65,'Daily_BU설비데이터 '!$C$20:$T$1000,6,0) -> #N/A | I65: =VLOOKUP($C65,'Daily_BU설비데이터 '!$C$20:$T$1000,7,0) -> #N/A | J65: =VLOOKUP($C65,'Daily_BU설비데이터 '!$C$20:$T$1000,8,0) -> #N/A | K65: =VLOOKUP($C65,'Daily_BU설비데이터 '!$C$20:$T$1000,9,0) -> #N/A | L65: =1/2*((F65*I65+H65*K65+J65*G65)-(G65*H65+I65*J65+K65*F65))/0.1582*100 -> #N/A | M65: =VLOOKUP($C65,'Daily_BU설비데이터 '!$C$20:$T$1000,11,0) -> #N/A | N65: =VLOOKUP($C65,'Daily_BU설비데이터 '!$C$20:$T$1000,12,0) -> #N/A | O65: =VLOOKUP($C65,'Daily_BU설비데이터 '!$C$20:$T$1000,13,0) -> #N/A | P65: =VLOOKUP($C65,'Daily_BU설비데이터 '!$C$20:$T$1000,14,0) -> #N/A | Q65: =O65/P65 -> #N/A | R65: =SQRT(POWER(M65-$M$12,2)+POWER(N65-$N$12,2)) -> #N/A | S65: =VLOOKUP($C65,'Daily_BU설비데이터 '!$C$20:$T$1000,17,0) -> #N/A | T65: =VLOOKUP($C65,'Daily_BU설비데이터 '!$C$20:$T$1000,18,0) -> #N/A | U65: =(-449*((M65-0.332)/(N65-0.1858))^3)+(3525*((M65-0.332)/(N65-0.1858))^2)+(-6823.3*(M65-0.332)/(N65-0.1858))+5520.33 -> #N/A | AY65: =$L$11 -> 70.8 | AZ65: =$O$11 -> 900 | BA65: =$Q$11 -> 1000 | BB65: =$R$13 -> 0.005
... B96: #77 | F96: =VLOOKUP($C96,'Daily_BU설비데이터 '!$C$20:$T$1000,4,0) -> #N/A | G96: =VLOOKUP($C96,'Daily_BU설비데이터 '!$C$20:$T$1000,5,0) -> #N/A | H96: =VLOOKUP($C96,'Daily_BU설비데이터 '!$C$20:$T$1000,6,0) -> #N/A | I96: =VLOOKUP($C96,'Daily_BU설비데이터 '!$C$20:$T$1000,7,0) -> #N/A | J96: =VLOOKUP($C96,'Daily_BU설비데이터 '!$C$20:$T$1000,8,0) -> #N/A | K96: =VLOOKUP($C96,'Daily_BU설비데이터 '!$C$20:$T$1000,9,0) -> #N/A | L96: =1/2*((F96*I96+H96*K96+J96*G96)-(G96*H96+I96*J96+K96*F96))/0.1582*100 -> #N/A | M96: =VLOOKUP($C96,'Daily_BU설비데이터 '!$C$20:$T$1000,11,0) -> #N/A | N96: =VLOOKUP($C96,'Daily_BU설비데이터 '!$C$20:$T$1000,12,0) -> #N/A | O96: =VLOOKUP($C96,'Daily_BU설비데이터 '!$C$20:$T$1000,13,0) -> #N/A | P96: =VLOOKUP($C96,'Daily_BU설비데이터 '!$C$20:$T$1000,14,0) -> #N/A | Q96: =O96/P96 -> #N/A | R96: =SQRT(POWER(M96-$M$12,2)+POWER(N96-$N$12,2)) -> #N/A | S96: =VLOOKUP($C96,'Daily_BU설비데이터 '!$C$20:$T$1000,17,0) -> #N/A | T96: =VLOOKUP($C96,'Daily_BU설비데이터 '!$C$20:$T$1000,18,0) -> #N/A | U96: =(-449*((M96-0.332)/(N96-0.1858))^3)+(3525*((M96-0.332)/(N96-0.1858))^2)+(-6823.3*(M96-0.332)/(N96-0.1858))+5520.33 -> #N/A | AY96: =$L$11 -> 70.8 | AZ96: =$O$11 -> 900 | BA96: =$Q$11 -> 1000 | BB96: =$R$13 -> 0.005
B97: #78 | F97: =VLOOKUP($C97,'Daily_BU설비데이터 '!$C$20:$T$1000,4,0) -> #N/A | G97: =VLOOKUP($C97,'Daily_BU설비데이터 '!$C$20:$T$1000,5,0) -> #N/A | H97: =VLOOKUP($C97,'Daily_BU설비데이터 '!$C$20:$T$1000,6,0) -> #N/A | I97: =VLOOKUP($C97,'Daily_BU설비데이터 '!$C$20:$T$1000,7,0) -> #N/A | J97: =VLOOKUP($C97,'Daily_BU설비데이터 '!$C$20:$T$1000,8,0) -> #N/A | K97: =VLOOKUP($C97,'Daily_BU설비데이터 '!$C$20:$T$1000,9,0) -> #N/A | L97: =1/2*((F97*I97+H97*K97+J97*G97)-(G97*H97+I97*J97+K97*F97))/0.1582*100 -> #N/A | M97: =VLOOKUP($C97,'Daily_BU설비데이터 '!$C$20:$T$1000,11,0) -> #N/A | N97: =VLOOKUP($C97,'Daily_BU설비데이터 '!$C$20:$T$1000,12,0) -> #N/A | O97: =VLOOKUP($C97,'Daily_BU설비데이터 '!$C$20:$T$1000,13,0) -> #N/A | P97: =VLOOKUP($C97,'Daily_BU설비데이터 '!$C$20:$T$1000,14,0) -> #N/A | Q97: =O97/P97 -> #N/A | R97: =SQRT(POWER(M97-$M$12,2)+POWER(N97-$N$12,2)) -> #N/A | S97: =VLOOKUP($C97,'Daily_BU설비데이터 '!$C$20:$T$1000,17,0) -> #N/A | T97: =VLOOKUP($C97,'Daily_BU설비데이터 '!$C$20:$T$1000,18,0) -> #N/A | U97: =(-449*((M97-0.332)/(N97-0.1858))^3)+(3525*((M97-0.332)/(N97-0.1858))^2)+(-6823.3*(M97-0.332)/(N97-0.1858))+5520.33 -> #N/A
B98: #79 | F98: =VLOOKUP($C98,'Daily_BU설비데이터 '!$C$20:$T$1000,4,0) -> #N/A | G98: =VLOOKUP($C98,'Daily_BU설비데이터 '!$C$20:$T$1000,5,0) -> #N/A | H98: =VLOOKUP($C98,'Daily_BU설비데이터 '!$C$20:$T$1000,6,0) -> #N/A | I98: =VLOOKUP($C98,'Daily_BU설비데이터 '!$C$20:$T$1000,7,0) -> #N/A | J98: =VLOOKUP($C98,'Daily_BU설비데이터 '!$C$20:$T$1000,8,0) -> #N/A | K98: =VLOOKUP($C98,'Daily_BU설비데이터 '!$C$20:$T$1000,9,0) -> #N/A | L98: =1/2*((F98*I98+H98*K98+J98*G98)-(G98*H98+I98*J98+K98*F98))/0.1582*100 -> #N/A | M98: =VLOOKUP($C98,'Daily_BU설비데이터 '!$C$20:$T$1000,11,0) -> #N/A | N98: =VLOOKUP($C98,'Daily_BU설비데이터 '!$C$20:$T$1000,12,0) -> #N/A | O98: =VLOOKUP($C98,'Daily_BU설비데이터 '!$C$20:$T$1000,13,0) -> #N/A | P98: =VLOOKUP($C98,'Daily_BU설비데이터 '!$C$20:$T$1000,14,0) -> #N/A | Q98: =O98/P98 -> #N/A | R98: =SQRT(POWER(M98-$M$12,2)+POWER(N98-$N$12,2)) -> #N/A | S98: =VLOOKUP($C98,'Daily_BU설비데이터 '!$C$20:$T$1000,17,0) -> #N/A | T98: =VLOOKUP($C98,'Daily_BU설비데이터 '!$C$20:$T$1000,18,0) -> #N/A | U98: =(-449*((M98-0.332)/(N98-0.1858))^3)+(3525*((M98-0.332)/(N98-0.1858))^2)+(-6823.3*(M98-0.332)/(N98-0.1858))+5520.33 -> #N/A
B99: #80 | F99: =VLOOKUP($C99,'Daily_BU설비데이터 '!$C$20:$T$1000,4,0) -> #N/A | G99: =VLOOKUP($C99,'Daily_BU설비데이터 '!$C$20:$T$1000,5,0) -> #N/A | H99: =VLOOKUP($C99,'Daily_BU설비데이터 '!$C$20:$T$1000,6,0) -> #N/A | I99: =VLOOKUP($C99,'Daily_BU설비데이터 '!$C$20:$T$1000,7,0) -> #N/A | J99: =VLOOKUP($C99,'Daily_BU설비데이터 '!$C$20:$T$1000,8,0) -> #N/A | K99: =VLOOKUP($C99,'Daily_BU설비데이터 '!$C$20:$T$1000,9,0) -> #N/A | L99: =1/2*((F99*I99+H99*K99+J99*G99)-(G99*H99+I99*J99+K99*F99))/0.1582*100 -> #N/A | M99: =VLOOKUP($C99,'Daily_BU설비데이터 '!$C$20:$T$1000,11,0) -> #N/A | N99: =VLOOKUP($C99,'Daily_BU설비데이터 '!$C$20:$T$1000,12,0) -> #N/A | O99: =VLOOKUP($C99,'Daily_BU설비데이터 '!$C$20:$T$1000,13,0) -> #N/A | P99: =VLOOKUP($C99,'Daily_BU설비데이터 '!$C$20:$T$1000,14,0) -> #N/A | Q99: =O99/P99 -> #N/A | R99: =SQRT(POWER(M99-$M$12,2)+POWER(N99-$N$12,2)) -> #N/A | S99: =VLOOKUP($C99,'Daily_BU설비데이터 '!$C$20:$T$1000,17,0) -> #N/A | T99: =VLOOKUP($C99,'Daily_BU설비데이터 '!$C$20:$T$1000,18,0) -> #N/A | U99: =(-449*((M99-0.332)/(N99-0.1858))^3)+(3525*((M99-0.332)/(N99-0.1858))^2)+(-6823.3*(M99-0.332)/(N99-0.1858))+5520.33 -> #N/A
B100: #81 | F100: =VLOOKUP($C100,'Daily_BU설비데이터 '!$C$20:$T$1000,4,0) -> #N/A | G100: =VLOOKUP($C100,'Daily_BU설비데이터 '!$C$20:$T$1000,5,0) -> #N/A | H100: =VLOOKUP($C100,'Daily_BU설비데이터 '!$C$20:$T$1000,6,0) -> #N/A | I100: =VLOOKUP($C100,'Daily_BU설비데이터 '!$C$20:$T$1000,7,0) -> #N/A | J100: =VLOOKUP($C100,'Daily_BU설비데이터 '!$C$20:$T$1000,8,0) -> #N/A | K100: =VLOOKUP($C100,'Daily_BU설비데이터 '!$C$20:$T$1000,9,0) -> #N/A | L100: =1/2*((F100*I100+H100*K100+J100*G100)-(G100*H100+I100*J100+K100*F100))/0.1582*100 -> #N/A | M100: =VLOOKUP($C100,'Daily_BU설비데이터 '!$C$20:$T$1000,11,0) -> #N/A | N100: =VLOOKUP($C100,'Daily_BU설비데이터 '!$C$20:$T$1000,12,0) -> #N/A | O100: =VLOOKUP($C100,'Daily_BU설비데이터 '!$C$20:$T$1000,13,0) -> #N/A | P100: =VLOOKUP($C100,'Daily_BU설비데이터 '!$C$20:$T$1000,14,0) -> #N/A | Q100: =O100/P100 -> #N/A | R100: =SQRT(POWER(M100-$M$12,2)+POWER(N100-$N$12,2)) -> #N/A | S100: =VLOOKUP($C100,'Daily_BU설비데이터 '!$C$20:$T$1000,17,0) -> #N/A | T100: =VLOOKUP($C100,'Daily_BU설비데이터 '!$C$20:$T$1000,18,0) -> #N/A | U100: =(-449*((M100-0.332)/(N100-0.1858))^3)+(3525*((M100-0.332)/(N100-0.1858))^2)+(-6823.3*(M100-0.332)/(N100-0.1858))+5520.33 -> #N/A
B101: #82 | F101: =VLOOKUP($C101,'Daily_BU설비데이터 '!$C$20:$T$1000,4,0) -> #N/A | G101: =VLOOKUP($C101,'Daily_BU설비데이터 '!$C$20:$T$1000,5,0) -> #N/A | H101: =VLOOKUP($C101,'Daily_BU설비데이터 '!$C$20:$T$1000,6,0) -> #N/A | I101: =VLOOKUP($C101,'Daily_BU설비데이터 '!$C$20:$T$1000,7,0) -> #N/A | J101: =VLOOKUP($C101,'Daily_BU설비데이터 '!$C$20:$T$1000,8,0) -> #N/A | K101: =VLOOKUP($C101,'Daily_BU설비데이터 '!$C$20:$T$1000,9,0) -> #N/A | L101: =1/2*((F101*I101+H101*K101+J101*G101)-(G101*H101+I101*J101+K101*F101))/0.1582*100 -> #N/A | M101: =VLOOKUP($C101,'Daily_BU설비데이터 '!$C$20:$T$1000,11,0) -> #N/A | N101: =VLOOKUP($C101,'Daily_BU설비데이터 '!$C$20:$T$1000,12,0) -> #N/A | O101: =VLOOKUP($C101,'Daily_BU설비데이터 '!$C$20:$T$1000,13,0) -> #N/A | P101: =VLOOKUP($C101,'Daily_BU설비데이터 '!$C$20:$T$1000,14,0) -> #N/A | Q101: =O101/P101 -> #N/A | R101: =SQRT(POWER(M101-$M$12,2)+POWER(N101-$N$12,2)) -> #N/A | S101: =VLOOKUP($C101,'Daily_BU설비데이터 '!$C$20:$T$1000,17,0) -> #N/A | T101: =VLOOKUP($C101,'Daily_BU설비데이터 '!$C$20:$T$1000,18,0) -> #N/A | U101: =(-449*((M101-0.332)/(N101-0.1858))^3)+(3525*((M101-0.332)/(N101-0.1858))^2)+(-6823.3*(M101-0.332)/(N101-0.1858))+5520.33 -> #N/A
B102: #83 | F102: =VLOOKUP($C102,'Daily_BU설비데이터 '!$C$20:$T$1000,4,0) -> #N/A | G102: =VLOOKUP($C102,'Daily_BU설비데이터 '!$C$20:$T$1000,5,0) -> #N/A | H102: =VLOOKUP($C102,'Daily_BU설비데이터 '!$C$20:$T$1000,6,0) -> #N/A | I102: =VLOOKUP($C102,'Daily_BU설비데이터 '!$C$20:$T$1000,7,0) -> #N/A | J102: =VLOOKUP($C102,'Daily_BU설비데이터 '!$C$20:$T$1000,8,0) -> #N/A | K102: =VLOOKUP($C102,'Daily_BU설비데이터 '!$C$20:$T$1000,9,0) -> #N/A | L102: =1/2*((F102*I102+H102*K102+J102*G102)-(G102*H102+I102*J102+K102*F102))/0.1582*100 -> #N/A | M102: =VLOOKUP($C102,'Daily_BU설비데이터 '!$C$20:$T$1000,11,0) -> #N/A | N102: =VLOOKUP($C102,'Daily_BU설비데이터 '!$C$20:$T$1000,12,0) -> #N/A | O102: =VLOOKUP($C102,'Daily_BU설비데이터 '!$C$20:$T$1000,13,0) -> #N/A | P102: =VLOOKUP($C102,'Daily_BU설비데이터 '!$C$20:$T$1000,14,0) -> #N/A | Q102: =O102/P102 -> #N/A | R102: =SQRT(POWER(M102-$M$12,2)+POWER(N102-$N$12,2)) -> #N/A | S102: =VLOOKUP($C102,'Daily_BU설비데이터 '!$C$20:$T$1000,17,0) -> #N/A | T102: =VLOOKUP($C102,'Daily_BU설비데이터 '!$C$20:$T$1000,18,0) -> #N/A | U102: =(-449*((M102-0.332)/(N102-0.1858))^3)+(3525*((M102-0.332)/(N102-0.1858))^2)+(-6823.3*(M102-0.332)/(N102-0.1858))+5520.33 -> #N/A
B103: #84 | F103: =VLOOKUP($C103,'Daily_BU설비데이터 '!$C$20:$T$1000,4,0) -> #N/A | G103: =VLOOKUP($C103,'Daily_BU설비데이터 '!$C$20:$T$1000,5,0) -> #N/A | H103: =VLOOKUP($C103,'Daily_BU설비데이터 '!$C$20:$T$1000,6,0) -> #N/A | I103: =VLOOKUP($C103,'Daily_BU설비데이터 '!$C$20:$T$1000,7,0) -> #N/A | J103: =VLOOKUP($C103,'Daily_BU설비데이터 '!$C$20:$T$1000,8,0) -> #N/A | K103: =VLOOKUP($C103,'Daily_BU설비데이터 '!$C$20:$T$1000,9,0) -> #N/A | L103: =1/2*((F103*I103+H103*K103+J103*G103)-(G103*H103+I103*J103+K103*F103))/0.1582*100 -> #N/A | M103: =VLOOKUP($C103,'Daily_BU설비데이터 '!$C$20:$T$1000,11,0) -> #N/A | N103: =VLOOKUP($C103,'Daily_BU설비데이터 '!$C$20:$T$1000,12,0) -> #N/A | O103: =VLOOKUP($C103,'Daily_BU설비데이터 '!$C$20:$T$1000,13,0) -> #N/A | P103: =VLOOKUP($C103,'Daily_BU설비데이터 '!$C$20:$T$1000,14,0) -> #N/A | Q103: =O103/P103 -> #N/A | R103: =SQRT(POWER(M103-$M$12,2)+POWER(N103-$N$12,2)) -> #N/A | S103: =VLOOKUP($C103,'Daily_BU설비데이터 '!$C$20:$T$1000,17,0) -> #N/A | T103: =VLOOKUP($C103,'Daily_BU설비데이터 '!$C$20:$T$1000,18,0) -> #N/A | U103: =(-449*((M103-0.332)/(N103-0.1858))^3)+(3525*((M103-0.332)/(N103-0.1858))^2)+(-6823.3*(M103-0.332)/(N103-0.1858))+5520.33 -> #N/A
B104: #85 | F104: =VLOOKUP($C104,'Daily_BU설비데이터 '!$C$20:$T$1000,4,0) -> #N/A | G104: =VLOOKUP($C104,'Daily_BU설비데이터 '!$C$20:$T$1000,5,0) -> #N/A | H104: =VLOOKUP($C104,'Daily_BU설비데이터 '!$C$20:$T$1000,6,0) -> #N/A | I104: =VLOOKUP($C104,'Daily_BU설비데이터 '!$C$20:$T$1000,7,0) -> #N/A | J104: =VLOOKUP($C104,'Daily_BU설비데이터 '!$C$20:$T$1000,8,0) -> #N/A | K104: =VLOOKUP($C104,'Daily_BU설비데이터 '!$C$20:$T$1000,9,0) -> #N/A | L104: =1/2*((F104*I104+H104*K104+J104*G104)-(G104*H104+I104*J104+K104*F104))/0.1582*100 -> #N/A | M104: =VLOOKUP($C104,'Daily_BU설비데이터 '!$C$20:$T$1000,11,0) -> #N/A | N104: =VLOOKUP($C104,'Daily_BU설비데이터 '!$C$20:$T$1000,12,0) -> #N/A | O104: =VLOOKUP($C104,'Daily_BU설비데이터 '!$C$20:$T$1000,13,0) -> #N/A | P104: =VLOOKUP($C104,'Daily_BU설비데이터 '!$C$20:$T$1000,14,0) -> #N/A | Q104: =O104/P104 -> #N/A | R104: =SQRT(POWER(M104-$M$12,2)+POWER(N104-$N$12,2)) -> #N/A | S104: =VLOOKUP($C104,'Daily_BU설비데이터 '!$C$20:$T$1000,17,0) -> #N/A | T104: =VLOOKUP($C104,'Daily_BU설비데이터 '!$C$20:$T$1000,18,0) -> #N/A | U104: =(-449*((M104-0.332)/(N104-0.1858))^3)+(3525*((M104-0.332)/(N104-0.1858))^2)+(-6823.3*(M104-0.332)/(N104-0.1858))+5520.33 -> #N/A
B105: #86 | F105: =VLOOKUP($C105,'Daily_BU설비데이터 '!$C$20:$T$1000,4,0) -> #N/A | G105: =VLOOKUP($C105,'Daily_BU설비데이터 '!$C$20:$T$1000,5,0) -> #N/A | H105: =VLOOKUP($C105,'Daily_BU설비데이터 '!$C$20:$T$1000,6,0) -> #N/A | I105: =VLOOKUP($C105,'Daily_BU설비데이터 '!$C$20:$T$1000,7,0) -> #N/A | J105: =VLOOKUP($C105,'Daily_BU설비데이터 '!$C$20:$T$1000,8,0) -> #N/A | K105: =VLOOKUP($C105,'Daily_BU설비데이터 '!$C$20:$T$1000,9,0) -> #N/A | L105: =1/2*((F105*I105+H105*K105+J105*G105)-(G105*H105+I105*J105+K105*F105))/0.1582*100 -> #N/A | M105: =VLOOKUP($C105,'Daily_BU설비데이터 '!$C$20:$T$1000,11,0) -> #N/A | N105: =VLOOKUP($C105,'Daily_BU설비데이터 '!$C$20:$T$1000,12,0) -> #N/A | O105: =VLOOKUP($C105,'Daily_BU설비데이터 '!$C$20:$T$1000,13,0) -> #N/A | P105: =VLOOKUP($C105,'Daily_BU설비데이터 '!$C$20:$T$1000,14,0) -> #N/A | Q105: =O105/P105 -> #N/A | R105: =SQRT(POWER(M105-$M$12,2)+POWER(N105-$N$12,2)) -> #N/A | S105: =VLOOKUP($C105,'Daily_BU설비데이터 '!$C$20:$T$1000,17,0) -> #N/A | T105: =VLOOKUP($C105,'Daily_BU설비데이터 '!$C$20:$T$1000,18,0) -> #N/A | U105: =(-449*((M105-0.332)/(N105-0.1858))^3)+(3525*((M105-0.332)/(N105-0.1858))^2)+(-6823.3*(M105-0.332)/(N105-0.1858))+5520.33 -> #N/A
B106: #87 | F106: =VLOOKUP($C106,'Daily_BU설비데이터 '!$C$20:$T$1000,4,0) -> #N/A | G106: =VLOOKUP($C106,'Daily_BU설비데이터 '!$C$20:$T$1000,5,0) -> #N/A | H106: =VLOOKUP($C106,'Daily_BU설비데이터 '!$C$20:$T$1000,6,0) -> #N/A | I106: =VLOOKUP($C106,'Daily_BU설비데이터 '!$C$20:$T$1000,7,0) -> #N/A | J106: =VLOOKUP($C106,'Daily_BU설비데이터 '!$C$20:$T$1000,8,0) -> #N/A | K106: =VLOOKUP($C106,'Daily_BU설비데이터 '!$C$20:$T$1000,9,0) -> #N/A | L106: =1/2*((F106*I106+H106*K106+J106*G106)-(G106*H106+I106*J106+K106*F106))/0.1582*100 -> #N/A | M106: =VLOOKUP($C106,'Daily_BU설비데이터 '!$C$20:$T$1000,11,0) -> #N/A | N106: =VLOOKUP($C106,'Daily_BU설비데이터 '!$C$20:$T$1000,12,0) -> #N/A | O106: =VLOOKUP($C106,'Daily_BU설비데이터 '!$C$20:$T$1000,13,0) -> #N/A | P106: =VLOOKUP($C106,'Daily_BU설비데이터 '!$C$20:$T$1000,14,0) -> #N/A | Q106: =O106/P106 -> #N/A | R106: =SQRT(POWER(M106-$M$12,2)+POWER(N106-$N$12,2)) -> #N/A | S106: =VLOOKUP($C106,'Daily_BU설비데이터 '!$C$20:$T$1000,17,0) -> #N/A | T106: =VLOOKUP($C106,'Daily_BU설비데이터 '!$C$20:$T$1000,18,0) -> #N/A | U106: =(-449*((M106-0.332)/(N106-0.1858))^3)+(3525*((M106-0.332)/(N106-0.1858))^2)+(-6823.3*(M106-0.332)/(N106-0.1858))+5520.33 -> #N/A
B107: #88 | F107: =VLOOKUP($C107,'Daily_BU설비데이터 '!$C$20:$T$1000,4,0) -> #N/A | G107: =VLOOKUP($C107,'Daily_BU설비데이터 '!$C$20:$T$1000,5,0) -> #N/A | H107: =VLOOKUP($C107,'Daily_BU설비데이터 '!$C$20:$T$1000,6,0) -> #N/A | I107: =VLOOKUP($C107,'Daily_BU설비데이터 '!$C$20:$T$1000,7,0) -> #N/A | J107: =VLOOKUP($C107,'Daily_BU설비데이터 '!$C$20:$T$1000,8,0) -> #N/A | K107: =VLOOKUP($C107,'Daily_BU설비데이터 '!$C$20:$T$1000,9,0) -> #N/A | L107: =1/2*((F107*I107+H107*K107+J107*G107)-(G107*H107+I107*J107+K107*F107))/0.1582*100 -> #N/A | M107: =VLOOKUP($C107,'Daily_BU설비데이터 '!$C$20:$T$1000,11,0) -> #N/A | N107: =VLOOKUP($C107,'Daily_BU설비데이터 '!$C$20:$T$1000,12,0) -> #N/A | O107: =VLOOKUP($C107,'Daily_BU설비데이터 '!$C$20:$T$1000,13,0) -> #N/A | P107: =VLOOKUP($C107,'Daily_BU설비데이터 '!$C$20:$T$1000,14,0) -> #N/A | Q107: =O107/P107 -> #N/A | R107: =SQRT(POWER(M107-$M$12,2)+POWER(N107-$N$12,2)) -> #N/A | S107: =VLOOKUP($C107,'Daily_BU설비데이터 '!$C$20:$T$1000,17,0) -> #N/A | T107: =VLOOKUP($C107,'Daily_BU설비데이터 '!$C$20:$T$1000,18,0) -> #N/A | U107: =(-449*((M107-0.332)/(N107-0.1858))^3)+(3525*((M107-0.332)/(N107-0.1858))^2)+(-6823.3*(M107-0.332)/(N107-0.1858))+5520.33 -> #N/A
B108: #89 | F108: =VLOOKUP($C108,'Daily_BU설비데이터 '!$C$20:$T$1000,4,0) -> #N/A | G108: =VLOOKUP($C108,'Daily_BU설비데이터 '!$C$20:$T$1000,5,0) -> #N/A | H108: =VLOOKUP($C108,'Daily_BU설비데이터 '!$C$20:$T$1000,6,0) -> #N/A | I108: =VLOOKUP($C108,'Daily_BU설비데이터 '!$C$20:$T$1000,7,0) -> #N/A | J108: =VLOOKUP($C108,'Daily_BU설비데이터 '!$C$20:$T$1000,8,0) -> #N/A | K108: =VLOOKUP($C108,'Daily_BU설비데이터 '!$C$20:$T$1000,9,0) -> #N/A | L108: =1/2*((F108*I108+H108*K108+J108*G108)-(G108*H108+I108*J108+K108*F108))/0.1582*100 -> #N/A | M108: =VLOOKUP($C108,'Daily_BU설비데이터 '!$C$20:$T$1000,11,0) -> #N/A | N108: =VLOOKUP($C108,'Daily_BU설비데이터 '!$C$20:$T$1000,12,0) -> #N/A | O108: =VLOOKUP($C108,'Daily_BU설비데이터 '!$C$20:$T$1000,13,0) -> #N/A | P108: =VLOOKUP($C108,'Daily_BU설비데이터 '!$C$20:$T$1000,14,0) -> #N/A | Q108: =O108/P108 -> #N/A | R108: =SQRT(POWER(M108-$M$12,2)+POWER(N108-$N$12,2)) -> #N/A | S108: =VLOOKUP($C108,'Daily_BU설비데이터 '!$C$20:$T$1000,17,0) -> #N/A | T108: =VLOOKUP($C108,'Daily_BU설비데이터 '!$C$20:$T$1000,18,0) -> #N/A | U108: =(-449*((M108-0.332)/(N108-0.1858))^3)+(3525*((M108-0.332)/(N108-0.1858))^2)+(-6823.3*(M108-0.332)/(N108-0.1858))+5520.33 -> #N/A
... B697: #678 | F697: =VLOOKUP($C697,'Daily_BU설비데이터 '!$C$20:$T$1000,4,0) -> #N/A | G697: =VLOOKUP($C697,'Daily_BU설비데이터 '!$C$20:$T$1000,5,0) -> #N/A | H697: =VLOOKUP($C697,'Daily_BU설비데이터 '!$C$20:$T$1000,6,0) -> #N/A | I697: =VLOOKUP($C697,'Daily_BU설비데이터 '!$C$20:$T$1000,7,0) -> #N/A | J697: =VLOOKUP($C697,'Daily_BU설비데이터 '!$C$20:$T$1000,8,0) -> #N/A | K697: =VLOOKUP($C697,'Daily_BU설비데이터 '!$C$20:$T$1000,9,0) -> #N/A | L697: =1/2*((F697*I697+H697*K697+J697*G697)-(G697*H697+I697*J697+K697*F697))/0.1582*100 -> #N/A | M697: =VLOOKUP($C697,'Daily_BU설비데이터 '!$C$20:$T$1000,11,0) -> #N/A | N697: =VLOOKUP($C697,'Daily_BU설비데이터 '!$C$20:$T$1000,12,0) -> #N/A | O697: =VLOOKUP($C697,'Daily_BU설비데이터 '!$C$20:$T$1000,13,0) -> #N/A | P697: =VLOOKUP($C697,'Daily_BU설비데이터 '!$C$20:$T$1000,14,0) -> #N/A | Q697: =O697/P697 -> #N/A | R697: =SQRT(POWER(M697-$M$12,2)+POWER(N697-$N$12,2)) -> #N/A | S697: =VLOOKUP($C697,'Daily_BU설비데이터 '!$C$20:$T$1000,17,0) -> #N/A | T697: =VLOOKUP($C697,'Daily_BU설비데이터 '!$C$20:$T$1000,18,0) -> #N/A | U697: =(-449*((M697-0.332)/(N697-0.1858))^3)+(3525*((M697-0.332)/(N697-0.1858))^2)+(-6823.3*(M697-0.332)/(N697-0.1858))+5520.33 -> #N/A

Sheet 출하데이터_data
F1: =R2&"-"&R3&"-"&R4&" Optical Measurement" -> WINE-VDA129BLAC01- Optical Measurement
P2: • Cut. Model : | R2: WINE
P3: • Model : | R3: VDA129BLAC01
P4: • Event :
P5: • Date : | R5: 2026-
P6: • Measure M/C : | R6: CA-410
P7: • Measure Q'ty : | R7: =COUNTA(C20:C697)&"ea" -> 0ea
B9: No. | C9: 구분 | F9: RED | H9: GREEN | J9: BLUE | L9: 색재현율 | M9: White | P9: Black | Q9: CR | R9: GCS | S9: Uniformity | U9: CCT | V9: ADIM | X9: Color | Z9: HEX | AA9: Remark
C10: Lot ID | D10: FOG | E10: CAL | F10: X | G10: Y | H10: X | I10: Y | J10: X | K10: Y | M10: X | N10: Y | O10: Luminance | P10: Luminance | S10: White | T10: Black | V10: Hex | W10: Luminance | X10: X | Y10: Y
B11: Spec. Min | F11: =F12-F14 -> 0.61 | G11: =G12-G14 -> 0.321 | H11: =H12-H14 -> 0.262 | I11: =I12-I14 -> 0.617 | J11: =J12-J14 -> 0.12 | K11: =K12-K14 -> 0.03 | L11: 70.8 | O11: 900 | Q11: 1000 | S11: 80 | T11: 50
B12: Spec. Typ | F12: 0.64 | G12: 0.351 | H12: 0.292 | I12: 0.647 | J12: 0.15 | K12: 0.06 | M12: 0.293 | N12: 0.32 | U12: 7800
B13: Spec. Max | F13: =F12+F14 -> 0.67 | G13: =G12+G14 -> 0.381 | H13: =H12+H14 -> 0.322 | I13: =I12+I14 -> 0.677 | J13: =J12+J14 -> 0.18 | K13: =K12+K14 -> 0.09 | O13: 945 | R13: 0.005
B14: Spec. Tol. | F14: 0.03 | G14: 0.03 | H14: 0.03 | I14: 0.03 | J14: 0.03 | K14: 0.03
B15: Avg. | F15: =AVERAGE(F20:F697) -> #DIV/0! | G15: =AVERAGE(G20:G697) -> #DIV/0! | H15: =AVERAGE(H20:H697) -> #DIV/0! | I15: =AVERAGE(I20:I697) -> #DIV/0! | J15: =AVERAGE(J20:J697) -> #DIV/0! | K15: =AVERAGE(K20:K697) -> #DIV/0! | L15: =AVERAGE(L20:L697) -> 0 | M15: =AVERAGE(M20:M697) -> #DIV/0! | ... T15: =AVERAGE(T20:T697) -> #DIV/0! | U15: =AVERAGE(U20:U76) -> 2021.2824 | V15: =AVERAGE(V20:V76) -> 2021.2824 | W15: =AVERAGE(W20:W76) -> 2021.2824 | X15: =AVERAGE(X20:X76) -> #DIV/0! | Y15: =AVERAGE(Y20:Y76) -> #DIV/0! | Z15: =AVERAGE(Z20:Z76) -> 10395.442
B16: Shift | F16: =F15-F12 -> #DIV/0! | G16: =G15-G12 -> #DIV/0! | H16: =H15-H12 -> #DIV/0! | I16: =I15-I12 -> #DIV/0! | J16: =J15-J12 -> #DIV/0! | K16: =K15-K12 -> #DIV/0! | L16: =L15-L12 -> 0 | M16: =M15-M12 -> #DIV/0! | ... Z16: =Z15-Z12 -> 10395.442
B17: Min. | F17: =MIN(F20:F697) -> 0 | G17: =MIN(G20:G697) -> 0 | H17: =MIN(H20:H697) -> 0 | I17: =MIN(I20:I697) -> 0 | J17: =MIN(J20:J697) -> 0 | K17: =MIN(K20:K697) -> 0 | L17: =MIN(L20:L697) -> 0 | M17: =MIN(M20:M697) -> 0 | ... T17: =MIN(T20:T697) -> 0 | U17: =MIN(U20:U76) -> 2021.2824 | V17: =MIN(V20:V76) -> 2021.2824 | W17: =MIN(W20:W76) -> 2021.2824 | X17: =MIN(X20:X76) -> #DIV/0! | Y17: =MIN(Y20:Y76) -> #DIV/0! | Z17: =MIN(Z20:Z76) -> 10395.442
B18: Max. | F18: =MAX(F20:F697) -> 0 | G18: =MAX(G20:G697) -> 0 | H18: =MAX(H20:H697) -> 0 | I18: =MAX(I20:I697) -> 0 | J18: =MAX(J20:J697) -> 0 | K18: =MAX(K20:K697) -> 0 | L18: =MAX(L20:L697) -> 0 | M18: =MAX(M20:M697) -> 0 | ... T18: =MAX(T20:T697) -> 0 | U18: =MAX(U20:U76) -> 2021.2824 | V18: =MAX(V20:V76) -> 2021.2824 | W18: =MAX(W20:W76) -> 2021.2824 | X18: =MAX(X20:X76) -> #DIV/0! | Y18: =MAX(Y20:Y76) -> #DIV/0! | Z18: =MAX(Z20:Z76) -> 10395.442 | AY18: Spec 표기 해당 영역 측정 수 만큼 수정
B19: CPK | D19: BU_TSP_Judge | E19: LMK_Judge | F19: =(1-ABS(((F13+F11)/2)-AVERAGE(F20:F697))/((F13-F11)/2))*((F13-F11)/(STDEV(F20:F697)*6)) -> #DIV/0! | G19: =(1-ABS(((G13+G11)/2)-AVERAGE(G20:G697))/((G13-G11)/2))*((G13-G11)/(STDEV(G20:G697)*6)) -> #DIV/0! | H19: =(1-ABS(((H13+H11)/2)-AVERAGE(H20:H697))/((H13-H11)/2))*((H13-H11)/(STDEV(H20:H697)*6)) -> #DIV/0! | I19: =(1-ABS(((I13+I11)/2)-AVERAGE(I20:I697))/((I13-I11)/2))*((I13-I11)/(STDEV(I20:I697)*6)) -> #DIV/0! | J19: =(1-ABS(((J13+J11)/2)-AVERAGE(J20:J697))/((J13-J11)/2))*((J13-J11)/(STDEV(J20:J697)*6)) -> #DIV/0! | K19: =(1-ABS(((K13+K11)/2)-AVERAGE(K20:K697))/((K13-K11)/2))*((K13-K11)/(STDEV(K20:K697)*6)) -> #DIV/0! | L19: =((AVERAGE(L20:L697)-L11)/(3*STDEV(L20:L697))) -> #DIV/0! | M19: =(1-ABS(((M13+M11)/2)-AVERAGE(M20:M697))/((M13-M11)/2))*((M13-M11)/(STDEV(M20:M697)*6)) -> #DIV/0! | N19: =(1-ABS(((N13+N11)/2)-AVERAGE(N20:N697))/((N13-N11)/2))*((N13-N11)/(STDEV(N20:N697)*6)) -> #DIV/0! | O19: =((AVERAGE(O20:O697)-O11)/(3*STDEV(O20:O697))) -> #DIV/0! | P19: =(1-ABS(((P13+P11)/2)-AVERAGE(P20:P697))/((P13-P11)/2))*((P13-P11)/(STDEV(P20:P697)*6)) -> #DIV/0! | Q19: =((AVERAGE(Q20:Q697)-Q11)/(3*STDEV(Q20:Q697))) -> #DIV/0! | R19: =(R13-AVERAGE(R20:R697))/(3*STDEV(R20:R697)) -> -8.3013508e+13 | S19: =((AVERAGE(S20:S697)-S11)/(3*STDEV(S20:S697))) -> #DIV/0! | T19: =((AVERAGE(T20:T697)-T11)/(3*STDEV(T20:T697))) -> #DIV/0! | U19: =(1-ABS(((U13+U11)/2)-AVERAGE(U20:U697))/((U13-U11)/2))*((U13-U11)/(STDEV(U20:U697)*6)) -> #DIV/0! | V19: =(1-ABS(((V13+V11)/2)-AVERAGE(V20:V697))/((V13-V11)/2))*((V13-V11)/(STDEV(V20:V697)*6)) -> #DIV/0! | W19: =(1-ABS(((W13+W11)/2)-AVERAGE(W20:W697))/((W13-W11)/2))*((W13-W11)/(STDEV(W20:W697)*6)) -> #DIV/0! | X19: =(1-ABS(((X13+X11)/2)-AVERAGE(X20:X697))/((X13-X11)/2))*((X13-X11)/(STDEV(X20:X697)*6)) -> #DIV/0! | Y19: =(1-ABS(((Y13+Y11)/2)-AVERAGE(Y20:Y697))/((Y13-Y11)/2))*((Y13-Y11)/(STDEV(Y20:Y697)*6)) -> #DIV/0! | Z19: =(1-ABS(((Z13+Z11)/2)-AVERAGE(Z20:Z697))/((Z13-Z11)/2))*((Z13-Z11)/(STDEV(Z20:Z697)*6)) -> #DIV/0! | AY19: 색재현율 Spec | AZ19: 휘도 Spec | BA19: CR Spec | BB19: GCS Spec
B20: #1 | L20: =1/2*((F20*I20+H20*K20+J20*G20)-(G20*H20+I20*J20+K20*F20))/0.1582*100 -> 0 | Q20: =O20/P20 -> #DIV/0! | R20: =SQRT(POWER(M20-$M$12,2)+POWER(N20-$N$12,2)) -> 0.43387671 | U20: =(-449*((M20-0.332)/(N20-0.1858))^3)+(3525*((M20-0.332)/(N20-0.1858))^2)+(-6823.3*(M20-0.332)/(N20-0.1858))+5520.33 -> 2021.2824 | V20: =(-449*((N20-0.332)/(O20-0.1858))^3)+(3525*((N20-0.332)/(O20-0.1858))^2)+(-6823.3*(N20-0.332)/(O20-0.1858))+5520.33 -> 2021.2824 | W20: =(-449*((O20-0.332)/(P20-0.1858))^3)+(3525*((O20-0.332)/(P20-0.1858))^2)+(-6823.3*(O20-0.332)/(P20-0.1858))+5520.33 -> 2021.2824 | X20: =(-449*((P20-0.332)/(Q20-0.1858))^3)+(3525*((P20-0.332)/(Q20-0.1858))^2)+(-6823.3*(P20-0.332)/(Q20-0.1858))+5520.33 -> #DIV/0! | Y20: =(-449*((Q20-0.332)/(R20-0.1858))^3)+(3525*((Q20-0.332)/(R20-0.1858))^2)+(-6823.3*(Q20-0.332)/(R20-0.1858))+5520.33 -> #DIV/0! | Z20: =(-449*((R20-0.332)/(S20-0.1858))^3)+(3525*((R20-0.332)/(S20-0.1858))^2)+(-6823.3*(R20-0.332)/(S20-0.1858))+5520.33 -> 10395.442
B21: #2 | L21: =1/2*((F21*I21+H21*K21+J21*G21)-(G21*H21+I21*J21+K21*F21))/0.1582*100 -> 0 | Q21: =O21/P21 -> #DIV/0! | R21: =SQRT(POWER(M21-$M$12,2)+POWER(N21-$N$12,2)) -> 0.43387671 | U21: =(-449*((M21-0.332)/(N21-0.1858))^3)+(3525*((M21-0.332)/(N21-0.1858))^2)+(-6823.3*(M21-0.332)/(N21-0.1858))+5520.33 -> 2021.2824
B22: #3 | L22: =1/2*((F22*I22+H22*K22+J22*G22)-(G22*H22+I22*J22+K22*F22))/0.1582*100 -> 0 | Q22: =O22/P22 -> #DIV/0! | R22: =SQRT(POWER(M22-$M$12,2)+POWER(N22-$N$12,2)) -> 0.43387671 | U22: =(-449*((M22-0.332)/(N22-0.1858))^3)+(3525*((M22-0.332)/(N22-0.1858))^2)+(-6823.3*(M22-0.332)/(N22-0.1858))+5520.33 -> 2021.2824
B23: #4 | L23: =1/2*((F23*I23+H23*K23+J23*G23)-(G23*H23+I23*J23+K23*F23))/0.1582*100 -> 0 | Q23: =O23/P23 -> #DIV/0! | R23: =SQRT(POWER(M23-$M$12,2)+POWER(N23-$N$12,2)) -> 0.43387671 | U23: =(-449*((M23-0.332)/(N23-0.1858))^3)+(3525*((M23-0.332)/(N23-0.1858))^2)+(-6823.3*(M23-0.332)/(N23-0.1858))+5520.33 -> 2021.2824 | AY23: =$L$11 -> 70.8 | AZ23: =$O$11 -> 900 | BA23: =$Q$11 -> 1000 | BB23: =$R$13 -> 0.005
B24: #5 | L24: =1/2*((F24*I24+H24*K24+J24*G24)-(G24*H24+I24*J24+K24*F24))/0.1582*100 -> 0 | Q24: =O24/P24 -> #DIV/0! | R24: =SQRT(POWER(M24-$M$12,2)+POWER(N24-$N$12,2)) -> 0.43387671 | U24: =(-449*((M24-0.332)/(N24-0.1858))^3)+(3525*((M24-0.332)/(N24-0.1858))^2)+(-6823.3*(M24-0.332)/(N24-0.1858))+5520.33 -> 2021.2824 | AY24: =$L$11 -> 70.8 | AZ24: =$O$11 -> 900 | BA24: =$Q$11 -> 1000 | BB24: =$R$13 -> 0.005
B25: #6 | L25: =1/2*((F25*I25+H25*K25+J25*G25)-(G25*H25+I25*J25+K25*F25))/0.1582*100 -> 0 | Q25: =O25/P25 -> #DIV/0! | R25: =SQRT(POWER(M25-$M$12,2)+POWER(N25-$N$12,2)) -> 0.43387671 | U25: =(-449*((M25-0.332)/(N25-0.1858))^3)+(3525*((M25-0.332)/(N25-0.1858))^2)+(-6823.3*(M25-0.332)/(N25-0.1858))+5520.33 -> 2021.2824 | AY25: =$L$11 -> 70.8 | AZ25: =$O$11 -> 900 | BA25: =$Q$11 -> 1000 | BB25: =$R$13 -> 0.005
B26: #7 | L26: =1/2*((F26*I26+H26*K26+J26*G26)-(G26*H26+I26*J26+K26*F26))/0.1582*100 -> 0 | Q26: =O26/P26 -> #DIV/0! | R26: =SQRT(POWER(M26-$M$12,2)+POWER(N26-$N$12,2)) -> 0.43387671 | U26: =(-449*((M26-0.332)/(N26-0.1858))^3)+(3525*((M26-0.332)/(N26-0.1858))^2)+(-6823.3*(M26-0.332)/(N26-0.1858))+5520.33 -> 2021.2824 | AY26: =$L$11 -> 70.8 | AZ26: =$O$11 -> 900 | BA26: =$Q$11 -> 1000 | BB26: =$R$13 -> 0.005
B27: #8 | L27: =1/2*((F27*I27+H27*K27+J27*G27)-(G27*H27+I27*J27+K27*F27))/0.1582*100 -> 0 | Q27: =O27/P27 -> #DIV/0! | R27: =SQRT(POWER(M27-$M$12,2)+POWER(N27-$N$12,2)) -> 0.43387671 | U27: =(-449*((M27-0.332)/(N27-0.1858))^3)+(3525*((M27-0.332)/(N27-0.1858))^2)+(-6823.3*(M27-0.332)/(N27-0.1858))+5520.33 -> 2021.2824 | AY27: =$L$11 -> 70.8 | AZ27: =$O$11 -> 900 | BA27: =$Q$11 -> 1000 | BB27: =$R$13 -> 0.005
B28: #9 | L28: =1/2*((F28*I28+H28*K28+J28*G28)-(G28*H28+I28*J28+K28*F28))/0.1582*100 -> 0 | Q28: =O28/P28 -> #DIV/0! | R28: =SQRT(POWER(M28-$M$12,2)+POWER(N28-$N$12,2)) -> 0.43387671 | U28: =(-449*((M28-0.332)/(N28-0.1858))^3)+(3525*((M28-0.332)/(N28-0.1858))^2)+(-6823.3*(M28-0.332)/(N28-0.1858))+5520.33 -> 2021.2824 | AY28: =$L$11 -> 70.8 | AZ28: =$O$11 -> 900 | BA28: =$Q$11 -> 1000 | BB28: =$R$13 -> 0.005
B29: #10 | L29: =1/2*((F29*I29+H29*K29+J29*G29)-(G29*H29+I29*J29+K29*F29))/0.1582*100 -> 0 | Q29: =O29/P29 -> #DIV/0! | R29: =SQRT(POWER(M29-$M$12,2)+POWER(N29-$N$12,2)) -> 0.43387671 | U29: =(-449*((M29-0.332)/(N29-0.1858))^3)+(3525*((M29-0.332)/(N29-0.1858))^2)+(-6823.3*(M29-0.332)/(N29-0.1858))+5520.33 -> 2021.2824 | AY29: =$L$11 -> 70.8 | AZ29: =$O$11 -> 900 | BA29: =$Q$11 -> 1000 | BB29: =$R$13 -> 0.005
B30: #11 | L30: =1/2*((F30*I30+H30*K30+J30*G30)-(G30*H30+I30*J30+K30*F30))/0.1582*100 -> 0 | Q30: =O30/P30 -> #DIV/0! | R30: =SQRT(POWER(M30-$M$12,2)+POWER(N30-$N$12,2)) -> 0.43387671 | U30: =(-449*((M30-0.332)/(N30-0.1858))^3)+(3525*((M30-0.332)/(N30-0.1858))^2)+(-6823.3*(M30-0.332)/(N30-0.1858))+5520.33 -> 2021.2824 | AQ30: 0.61 | AR30: 0.321 | AY30: =$L$11 -> 70.8 | AZ30: =$O$11 -> 900 | BA30: =$Q$11 -> 1000 | BB30: =$R$13 -> 0.005
B31: #12 | L31: =1/2*((F31*I31+H31*K31+J31*G31)-(G31*H31+I31*J31+K31*F31))/0.1582*100 -> 0 | Q31: =O31/P31 -> #DIV/0! | R31: =SQRT(POWER(M31-$M$12,2)+POWER(N31-$N$12,2)) -> 0.43387671 | U31: =(-449*((M31-0.332)/(N31-0.1858))^3)+(3525*((M31-0.332)/(N31-0.1858))^2)+(-6823.3*(M31-0.332)/(N31-0.1858))+5520.33 -> 2021.2824 | AH31: 0.298 | AI31: 0.325 | AQ31: 0.61 | AR31: 0.381 | AY31: =$L$11 -> 70.8 | AZ31: =$O$11 -> 900 | BA31: =$Q$11 -> 1000 | BB31: =$R$13 -> 0.005
B32: #13 | L32: =1/2*((F32*I32+H32*K32+J32*G32)-(G32*H32+I32*J32+K32*F32))/0.1582*100 -> 0 | Q32: =O32/P32 -> #DIV/0! | R32: =SQRT(POWER(M32-$M$12,2)+POWER(N32-$N$12,2)) -> 0.43387671 | U32: =(-449*((M32-0.332)/(N32-0.1858))^3)+(3525*((M32-0.332)/(N32-0.1858))^2)+(-6823.3*(M32-0.332)/(N32-0.1858))+5520.33 -> 2021.2824 | AH32: 0.298 | AI32: 0.315 | AQ32: 0.67 | AR32: 0.381 | AY32: =$L$11 -> 70.8 | AZ32: =$O$11 -> 900 | BA32: =$Q$11 -> 1000 | BB32: =$R$13 -> 0.005
B33: #14 | L33: =1/2*((F33*I33+H33*K33+J33*G33)-(G33*H33+I33*J33+K33*F33))/0.1582*100 -> 0 | Q33: =O33/P33 -> #DIV/0! | R33: =SQRT(POWER(M33-$M$12,2)+POWER(N33-$N$12,2)) -> 0.43387671 | U33: =(-449*((M33-0.332)/(N33-0.1858))^3)+(3525*((M33-0.332)/(N33-0.1858))^2)+(-6823.3*(M33-0.332)/(N33-0.1858))+5520.33 -> 2021.2824 | AH33: 0.288 | AI33: 0.315 | AQ33: 0.67 | AR33: 0.321 | AY33: =$L$11 -> 70.8 | AZ33: =$O$11 -> 900 | BA33: =$Q$11 -> 1000 | BB33: =$R$13 -> 0.005
B34: #15 | L34: =1/2*((F34*I34+H34*K34+J34*G34)-(G34*H34+I34*J34+K34*F34))/0.1582*100 -> 0 | Q34: =O34/P34 -> #DIV/0! | R34: =SQRT(POWER(M34-$M$12,2)+POWER(N34-$N$12,2)) -> 0.43387671 | U34: =(-449*((M34-0.332)/(N34-0.1858))^3)+(3525*((M34-0.332)/(N34-0.1858))^2)+(-6823.3*(M34-0.332)/(N34-0.1858))+5520.33 -> 2021.2824 | AQ34: 0.61 | AR34: 0.321 | AY34: =$L$11 -> 70.8 | AZ34: =$O$11 -> 900 | BA34: =$Q$11 -> 1000 | BB34: =$R$13 -> 0.005
B35: #16 | L35: =1/2*((F35*I35+H35*K35+J35*G35)-(G35*H35+I35*J35+K35*F35))/0.1582*100 -> 0 | Q35: =O35/P35 -> #DIV/0! | R35: =SQRT(POWER(M35-$M$12,2)+POWER(N35-$N$12,2)) -> 0.43387671 | U35: =(-449*((M35-0.332)/(N35-0.1858))^3)+(3525*((M35-0.332)/(N35-0.1858))^2)+(-6823.3*(M35-0.332)/(N35-0.1858))+5520.33 -> 2021.2824 | AY35: =$L$11 -> 70.8 | AZ35: =$O$11 -> 900 | BA35: =$Q$11 -> 1000 | BB35: =$R$13 -> 0.005
B36: #17 | L36: =1/2*((F36*I36+H36*K36+J36*G36)-(G36*H36+I36*J36+K36*F36))/0.1582*100 -> 0 | Q36: =O36/P36 -> #DIV/0! | R36: =SQRT(POWER(M36-$M$12,2)+POWER(N36-$N$12,2)) -> 0.43387671 | U36: =(-449*((M36-0.332)/(N36-0.1858))^3)+(3525*((M36-0.332)/(N36-0.1858))^2)+(-6823.3*(M36-0.332)/(N36-0.1858))+5520.33 -> 2021.2824 | AY36: =$L$11 -> 70.8 | AZ36: =$O$11 -> 900 | BA36: =$Q$11 -> 1000 | BB36: =$R$13 -> 0.005
B37: #18 | L37: =1/2*((F37*I37+H37*K37+J37*G37)-(G37*H37+I37*J37+K37*F37))/0.1582*100 -> 0 | Q37: =O37/P37 -> #DIV/0! | R37: =SQRT(POWER(M37-$M$12,2)+POWER(N37-$N$12,2)) -> 0.43387671 | U37: =(-449*((M37-0.332)/(N37-0.1858))^3)+(3525*((M37-0.332)/(N37-0.1858))^2)+(-6823.3*(M37-0.332)/(N37-0.1858))+5520.33 -> 2021.2824 | AY37: =$L$11 -> 70.8 | AZ37: =$O$11 -> 900 | BA37: =$Q$11 -> 1000 | BB37: =$R$13 -> 0.005
B38: #19 | L38: =1/2*((F38*I38+H38*K38+J38*G38)-(G38*H38+I38*J38+K38*F38))/0.1582*100 -> 0 | Q38: =O38/P38 -> #DIV/0! | R38: =SQRT(POWER(M38-$M$12,2)+POWER(N38-$N$12,2)) -> 0.43387671 | U38: =(-449*((M38-0.332)/(N38-0.1858))^3)+(3525*((M38-0.332)/(N38-0.1858))^2)+(-6823.3*(M38-0.332)/(N38-0.1858))+5520.33 -> 2021.2824 | AY38: =$L$11 -> 70.8 | AZ38: =$O$11 -> 900 | BA38: =$Q$11 -> 1000 | BB38: =$R$13 -> 0.005
B39: #20 | L39: =1/2*((F39*I39+H39*K39+J39*G39)-(G39*H39+I39*J39+K39*F39))/0.1582*100 -> 0 | Q39: =O39/P39 -> #DIV/0! | R39: =SQRT(POWER(M39-$M$12,2)+POWER(N39-$N$12,2)) -> 0.43387671 | U39: =(-449*((M39-0.332)/(N39-0.1858))^3)+(3525*((M39-0.332)/(N39-0.1858))^2)+(-6823.3*(M39-0.332)/(N39-0.1858))+5520.33 -> 2021.2824 | AY39: =$L$11 -> 70.8 | AZ39: =$O$11 -> 900 | BA39: =$Q$11 -> 1000 | BB39: =$R$13 -> 0.005
B40: #21 | L40: =1/2*((F40*I40+H40*K40+J40*G40)-(G40*H40+I40*J40+K40*F40))/0.1582*100 -> 0 | Q40: =O40/P40 -> #DIV/0! | R40: =SQRT(POWER(M40-$M$12,2)+POWER(N40-$N$12,2)) -> 0.43387671 | U40: =(-449*((M40-0.332)/(N40-0.1858))^3)+(3525*((M40-0.332)/(N40-0.1858))^2)+(-6823.3*(M40-0.332)/(N40-0.1858))+5520.33 -> 2021.2824 | AY40: =$L$11 -> 70.8 | AZ40: =$O$11 -> 900 | BA40: =$Q$11 -> 1000 | BB40: =$R$13 -> 0.005
B41: #22 | L41: =1/2*((F41*I41+H41*K41+J41*G41)-(G41*H41+I41*J41+K41*F41))/0.1582*100 -> 0 | Q41: =O41/P41 -> #DIV/0! | R41: =SQRT(POWER(M41-$M$12,2)+POWER(N41-$N$12,2)) -> 0.43387671 | U41: =(-449*((M41-0.332)/(N41-0.1858))^3)+(3525*((M41-0.332)/(N41-0.1858))^2)+(-6823.3*(M41-0.332)/(N41-0.1858))+5520.33 -> 2021.2824 | AY41: =$L$11 -> 70.8 | AZ41: =$O$11 -> 900 | BA41: =$Q$11 -> 1000 | BB41: =$R$13 -> 0.005
B42: #23 | L42: =1/2*((F42*I42+H42*K42+J42*G42)-(G42*H42+I42*J42+K42*F42))/0.1582*100 -> 0 | Q42: =O42/P42 -> #DIV/0! | R42: =SQRT(POWER(M42-$M$12,2)+POWER(N42-$N$12,2)) -> 0.43387671 | U42: =(-449*((M42-0.332)/(N42-0.1858))^3)+(3525*((M42-0.332)/(N42-0.1858))^2)+(-6823.3*(M42-0.332)/(N42-0.1858))+5520.33 -> 2021.2824 | AY42: =$L$11 -> 70.8 | AZ42: =$O$11 -> 900 | BA42: =$Q$11 -> 1000 | BB42: =$R$13 -> 0.005
B43: #24 | L43: =1/2*((F43*I43+H43*K43+J43*G43)-(G43*H43+I43*J43+K43*F43))/0.1582*100 -> 0 | Q43: =O43/P43 -> #DIV/0! | R43: =SQRT(POWER(M43-$M$12,2)+POWER(N43-$N$12,2)) -> 0.43387671 | U43: =(-449*((M43-0.332)/(N43-0.1858))^3)+(3525*((M43-0.332)/(N43-0.1858))^2)+(-6823.3*(M43-0.332)/(N43-0.1858))+5520.33 -> 2021.2824 | AY43: =$L$11 -> 70.8 | AZ43: =$O$11 -> 900 | BA43: =$Q$11 -> 1000 | BB43: =$R$13 -> 0.005
B44: #25 | L44: =1/2*((F44*I44+H44*K44+J44*G44)-(G44*H44+I44*J44+K44*F44))/0.1582*100 -> 0 | Q44: =O44/P44 -> #DIV/0! | R44: =SQRT(POWER(M44-$M$12,2)+POWER(N44-$N$12,2)) -> 0.43387671 | U44: =(-449*((M44-0.332)/(N44-0.1858))^3)+(3525*((M44-0.332)/(N44-0.1858))^2)+(-6823.3*(M44-0.332)/(N44-0.1858))+5520.33 -> 2021.2824 | AY44: =$L$11 -> 70.8 | AZ44: =$O$11 -> 900 | BA44: =$Q$11 -> 1000 | BB44: =$R$13 -> 0.005
B45: #26 | L45: =1/2*((F45*I45+H45*K45+J45*G45)-(G45*H45+I45*J45+K45*F45))/0.1582*100 -> 0 | Q45: =O45/P45 -> #DIV/0! | R45: =SQRT(POWER(M45-$M$12,2)+POWER(N45-$N$12,2)) -> 0.43387671 | U45: =(-449*((M45-0.332)/(N45-0.1858))^3)+(3525*((M45-0.332)/(N45-0.1858))^2)+(-6823.3*(M45-0.332)/(N45-0.1858))+5520.33 -> 2021.2824 | AY45: =$L$11 -> 70.8 | AZ45: =$O$11 -> 900 | BA45: =$Q$11 -> 1000 | BB45: =$R$13 -> 0.005
B46: #27 | L46: =1/2*((F46*I46+H46*K46+J46*G46)-(G46*H46+I46*J46+K46*F46))/0.1582*100 -> 0 | Q46: =O46/P46 -> #DIV/0! | R46: =SQRT(POWER(M46-$M$12,2)+POWER(N46-$N$12,2)) -> 0.43387671 | U46: =(-449*((M46-0.332)/(N46-0.1858))^3)+(3525*((M46-0.332)/(N46-0.1858))^2)+(-6823.3*(M46-0.332)/(N46-0.1858))+5520.33 -> 2021.2824 | AY46: =$L$11 -> 70.8 | AZ46: =$O$11 -> 900 | BA46: =$Q$11 -> 1000 | BB46: =$R$13 -> 0.005
B47: #28 | L47: =1/2*((F47*I47+H47*K47+J47*G47)-(G47*H47+I47*J47+K47*F47))/0.1582*100 -> 0 | Q47: =O47/P47 -> #DIV/0! | R47: =SQRT(POWER(M47-$M$12,2)+POWER(N47-$N$12,2)) -> 0.43387671 | U47: =(-449*((M47-0.332)/(N47-0.1858))^3)+(3525*((M47-0.332)/(N47-0.1858))^2)+(-6823.3*(M47-0.332)/(N47-0.1858))+5520.33 -> 2021.2824 | AY47: =$L$11 -> 70.8 | AZ47: =$O$11 -> 900 | BA47: =$Q$11 -> 1000 | BB47: =$R$13 -> 0.005
B48: #29 | L48: =1/2*((F48*I48+H48*K48+J48*G48)-(G48*H48+I48*J48+K48*F48))/0.1582*100 -> 0 | Q48: =O48/P48 -> #DIV/0! | R48: =SQRT(POWER(M48-$M$12,2)+POWER(N48-$N$12,2)) -> 0.43387671 | U48: =(-449*((M48-0.332)/(N48-0.1858))^3)+(3525*((M48-0.332)/(N48-0.1858))^2)+(-6823.3*(M48-0.332)/(N48-0.1858))+5520.33 -> 2021.2824 | AH48: =H11 -> 0.262 | AI48: =I11 -> 0.617 | AQ48: =J11 -> 0.12 | AR48: =K11 -> 0.03 | AY48: =$L$11 -> 70.8 | AZ48: =$O$11 -> 900 | BA48: =$Q$11 -> 1000 | BB48: =$R$13 -> 0.005
B49: #30 | L49: =1/2*((F49*I49+H49*K49+J49*G49)-(G49*H49+I49*J49+K49*F49))/0.1582*100 -> 0 | Q49: =O49/P49 -> #DIV/0! | R49: =SQRT(POWER(M49-$M$12,2)+POWER(N49-$N$12,2)) -> 0.43387671 | U49: =(-449*((M49-0.332)/(N49-0.1858))^3)+(3525*((M49-0.332)/(N49-0.1858))^2)+(-6823.3*(M49-0.332)/(N49-0.1858))+5520.33 -> 2021.2824 | AH49: =H11 -> 0.262 | AI49: =I13 -> 0.677 | AQ49: =J11 -> 0.12 | AR49: =K13 -> 0.09 | AY49: =$L$11 -> 70.8 | AZ49: =$O$11 -> 900 | BA49: =$Q$11 -> 1000 | BB49: =$R$13 -> 0.005
B50: #31 | L50: =1/2*((F50*I50+H50*K50+J50*G50)-(G50*H50+I50*J50+K50*F50))/0.1582*100 -> 0 | Q50: =O50/P50 -> #DIV/0! | R50: =SQRT(POWER(M50-$M$12,2)+POWER(N50-$N$12,2)) -> 0.43387671 | U50: =(-449*((M50-0.332)/(N50-0.1858))^3)+(3525*((M50-0.332)/(N50-0.1858))^2)+(-6823.3*(M50-0.332)/(N50-0.1858))+5520.33 -> 2021.2824 | AH50: =H13 -> 0.322 | AI50: =I13 -> 0.677 | AQ50: =J13 -> 0.18 | AR50: =K13 -> 0.09 | AY50: =$L$11 -> 70.8 | AZ50: =$O$11 -> 900 | BA50: =$Q$11 -> 1000 | BB50: =$R$13 -> 0.005
B51: #32 | L51: =1/2*((F51*I51+H51*K51+J51*G51)-(G51*H51+I51*J51+K51*F51))/0.1582*100 -> 0 | Q51: =O51/P51 -> #DIV/0! | R51: =SQRT(POWER(M51-$M$12,2)+POWER(N51-$N$12,2)) -> 0.43387671 | U51: =(-449*((M51-0.332)/(N51-0.1858))^3)+(3525*((M51-0.332)/(N51-0.1858))^2)+(-6823.3*(M51-0.332)/(N51-0.1858))+5520.33 -> 2021.2824 | AH51: =H13 -> 0.322 | AI51: =I11 -> 0.617 | AQ51: =J13 -> 0.18 | AR51: =K11 -> 0.03 | AY51: =$L$11 -> 70.8 | AZ51: =$O$11 -> 900 | BA51: =$Q$11 -> 1000 | BB51: =$R$13 -> 0.005
B52: #33 | L52: =1/2*((F52*I52+H52*K52+J52*G52)-(G52*H52+I52*J52+K52*F52))/0.1582*100 -> 0 | Q52: =O52/P52 -> #DIV/0! | R52: =SQRT(POWER(M52-$M$12,2)+POWER(N52-$N$12,2)) -> 0.43387671 | U52: =(-449*((M52-0.332)/(N52-0.1858))^3)+(3525*((M52-0.332)/(N52-0.1858))^2)+(-6823.3*(M52-0.332)/(N52-0.1858))+5520.33 -> 2021.2824 | AH52: =H11 -> 0.262 | AI52: =I11 -> 0.617 | AQ52: =J11 -> 0.12 | AR52: =K11 -> 0.03 | AY52: =$L$11 -> 70.8 | AZ52: =$O$11 -> 900 | BA52: =$Q$11 -> 1000 | BB52: =$R$13 -> 0.005
B53: #34 | L53: =1/2*((F53*I53+H53*K53+J53*G53)-(G53*H53+I53*J53+K53*F53))/0.1582*100 -> 0 | Q53: =O53/P53 -> #DIV/0! | R53: =SQRT(POWER(M53-$M$12,2)+POWER(N53-$N$12,2)) -> 0.43387671 | U53: =(-449*((M53-0.332)/(N53-0.1858))^3)+(3525*((M53-0.332)/(N53-0.1858))^2)+(-6823.3*(M53-0.332)/(N53-0.1858))+5520.33 -> 2021.2824 | AI53: (Auto Update) | AR53: (Auto Update) | AY53: =$L$11 -> 70.8 | AZ53: =$O$11 -> 900 | BA53: =$Q$11 -> 1000 | BB53: =$R$13 -> 0.005
B54: #35 | L54: =1/2*((F54*I54+H54*K54+J54*G54)-(G54*H54+I54*J54+K54*F54))/0.1582*100 -> 0 | Q54: =O54/P54 -> #DIV/0! | R54: =SQRT(POWER(M54-$M$12,2)+POWER(N54-$N$12,2)) -> 0.43387671 | U54: =(-449*((M54-0.332)/(N54-0.1858))^3)+(3525*((M54-0.332)/(N54-0.1858))^2)+(-6823.3*(M54-0.332)/(N54-0.1858))+5520.33 -> 2021.2824 | AY54: =$L$11 -> 70.8 | AZ54: =$O$11 -> 900 | BA54: =$Q$11 -> 1000 | BB54: =$R$13 -> 0.005
B55: #36 | L55: =1/2*((F55*I55+H55*K55+J55*G55)-(G55*H55+I55*J55+K55*F55))/0.1582*100 -> 0 | Q55: =O55/P55 -> #DIV/0! | R55: =SQRT(POWER(M55-$M$12,2)+POWER(N55-$N$12,2)) -> 0.43387671 | U55: =(-449*((M55-0.332)/(N55-0.1858))^3)+(3525*((M55-0.332)/(N55-0.1858))^2)+(-6823.3*(M55-0.332)/(N55-0.1858))+5520.33 -> 2021.2824 | AY55: =$L$11 -> 70.8 | AZ55: =$O$11 -> 900 | BA55: =$Q$11 -> 1000 | BB55: =$R$13 -> 0.005
B56: #37 | L56: =1/2*((F56*I56+H56*K56+J56*G56)-(G56*H56+I56*J56+K56*F56))/0.1582*100 -> 0 | Q56: =O56/P56 -> #DIV/0! | R56: =SQRT(POWER(M56-$M$12,2)+POWER(N56-$N$12,2)) -> 0.43387671 | U56: =(-449*((M56-0.332)/(N56-0.1858))^3)+(3525*((M56-0.332)/(N56-0.1858))^2)+(-6823.3*(M56-0.332)/(N56-0.1858))+5520.33 -> 2021.2824 | AY56: =$L$11 -> 70.8 | AZ56: =$O$11 -> 900 | BA56: =$Q$11 -> 1000 | BB56: =$R$13 -> 0.005
B57: #38 | L57: =1/2*((F57*I57+H57*K57+J57*G57)-(G57*H57+I57*J57+K57*F57))/0.1582*100 -> 0 | Q57: =O57/P57 -> #DIV/0! | R57: =SQRT(POWER(M57-$M$12,2)+POWER(N57-$N$12,2)) -> 0.43387671 | U57: =(-449*((M57-0.332)/(N57-0.1858))^3)+(3525*((M57-0.332)/(N57-0.1858))^2)+(-6823.3*(M57-0.332)/(N57-0.1858))+5520.33 -> 2021.2824 | AY57: =$L$11 -> 70.8 | AZ57: =$O$11 -> 900 | BA57: =$Q$11 -> 1000 | BB57: =$R$13 -> 0.005
B58: #39 | L58: =1/2*((F58*I58+H58*K58+J58*G58)-(G58*H58+I58*J58+K58*F58))/0.1582*100 -> 0 | Q58: =O58/P58 -> #DIV/0! | R58: =SQRT(POWER(M58-$M$12,2)+POWER(N58-$N$12,2)) -> 0.43387671 | U58: =(-449*((M58-0.332)/(N58-0.1858))^3)+(3525*((M58-0.332)/(N58-0.1858))^2)+(-6823.3*(M58-0.332)/(N58-0.1858))+5520.33 -> 2021.2824 | AY58: =$L$11 -> 70.8 | AZ58: =$O$11 -> 900 | BA58: =$Q$11 -> 1000 | BB58: =$R$13 -> 0.005
B59: #40 | L59: =1/2*((F59*I59+H59*K59+J59*G59)-(G59*H59+I59*J59+K59*F59))/0.1582*100 -> 0 | Q59: =O59/P59 -> #DIV/0! | R59: =SQRT(POWER(M59-$M$12,2)+POWER(N59-$N$12,2)) -> 0.43387671 | U59: =(-449*((M59-0.332)/(N59-0.1858))^3)+(3525*((M59-0.332)/(N59-0.1858))^2)+(-6823.3*(M59-0.332)/(N59-0.1858))+5520.33 -> 2021.2824 | AY59: =$L$11 -> 70.8 | AZ59: =$O$11 -> 900 | BA59: =$Q$11 -> 1000 | BB59: =$R$13 -> 0.005
B60: #41 | L60: =1/2*((F60*I60+H60*K60+J60*G60)-(G60*H60+I60*J60+K60*F60))/0.1582*100 -> 0 | Q60: =O60/P60 -> #DIV/0! | R60: =SQRT(POWER(M60-$M$12,2)+POWER(N60-$N$12,2)) -> 0.43387671 | U60: =(-449*((M60-0.332)/(N60-0.1858))^3)+(3525*((M60-0.332)/(N60-0.1858))^2)+(-6823.3*(M60-0.332)/(N60-0.1858))+5520.33 -> 2021.2824 | AY60: =$L$11 -> 70.8 | AZ60: =$O$11 -> 900 | BA60: =$Q$11 -> 1000 | BB60: =$R$13 -> 0.005
B61: #42 | L61: =1/2*((F61*I61+H61*K61+J61*G61)-(G61*H61+I61*J61+K61*F61))/0.1582*100 -> 0 | Q61: =O61/P61 -> #DIV/0! | R61: =SQRT(POWER(M61-$M$12,2)+POWER(N61-$N$12,2)) -> 0.43387671 | U61: =(-449*((M61-0.332)/(N61-0.1858))^3)+(3525*((M61-0.332)/(N61-0.1858))^2)+(-6823.3*(M61-0.332)/(N61-0.1858))+5520.33 -> 2021.2824 | AY61: =$L$11 -> 70.8 | AZ61: =$O$11 -> 900 | BA61: =$Q$11 -> 1000 | BB61: =$R$13 -> 0.005
B62: #43 | L62: =1/2*((F62*I62+H62*K62+J62*G62)-(G62*H62+I62*J62+K62*F62))/0.1582*100 -> 0 | Q62: =O62/P62 -> #DIV/0! | R62: =SQRT(POWER(M62-$M$12,2)+POWER(N62-$N$12,2)) -> 0.43387671 | U62: =(-449*((M62-0.332)/(N62-0.1858))^3)+(3525*((M62-0.332)/(N62-0.1858))^2)+(-6823.3*(M62-0.332)/(N62-0.1858))+5520.33 -> 2021.2824 | AY62: =$L$11 -> 70.8 | AZ62: =$O$11 -> 900 | BA62: =$Q$11 -> 1000 | BB62: =$R$13 -> 0.005
B63: #44 | L63: =1/2*((F63*I63+H63*K63+J63*G63)-(G63*H63+I63*J63+K63*F63))/0.1582*100 -> 0 | Q63: =O63/P63 -> #DIV/0! | R63: =SQRT(POWER(M63-$M$12,2)+POWER(N63-$N$12,2)) -> 0.43387671 | U63: =(-449*((M63-0.332)/(N63-0.1858))^3)+(3525*((M63-0.332)/(N63-0.1858))^2)+(-6823.3*(M63-0.332)/(N63-0.1858))+5520.33 -> 2021.2824 | AY63: =$L$11 -> 70.8 | AZ63: =$O$11 -> 900 | BA63: =$Q$11 -> 1000 | BB63: =$R$13 -> 0.005
B64: #45 | L64: =1/2*((F64*I64+H64*K64+J64*G64)-(G64*H64+I64*J64+K64*F64))/0.1582*100 -> 0 | Q64: =O64/P64 -> #DIV/0! | R64: =SQRT(POWER(M64-$M$12,2)+POWER(N64-$N$12,2)) -> 0.43387671 | U64: =(-449*((M64-0.332)/(N64-0.1858))^3)+(3525*((M64-0.332)/(N64-0.1858))^2)+(-6823.3*(M64-0.332)/(N64-0.1858))+5520.33 -> 2021.2824 | AY64: =$L$11 -> 70.8 | AZ64: =$O$11 -> 900 | BA64: =$Q$11 -> 1000 | BB64: =$R$13 -> 0.005
B65: #46 | L65: =1/2*((F65*I65+H65*K65+J65*G65)-(G65*H65+I65*J65+K65*F65))/0.1582*100 -> 0 | Q65: =O65/P65 -> #DIV/0! | R65: =SQRT(POWER(M65-$M$12,2)+POWER(N65-$N$12,2)) -> 0.43387671 | U65: =(-449*((M65-0.332)/(N65-0.1858))^3)+(3525*((M65-0.332)/(N65-0.1858))^2)+(-6823.3*(M65-0.332)/(N65-0.1858))+5520.33 -> 2021.2824 | AY65: =$L$11 -> 70.8 | AZ65: =$O$11 -> 900 | BA65: =$Q$11 -> 1000 | BB65: =$R$13 -> 0.005
... B80: #61 | L80: =1/2*((F80*I80+H80*K80+J80*G80)-(G80*H80+I80*J80+K80*F80))/0.1582*100 -> 0 | Q80: =O80/P80 -> #DIV/0! | R80: =SQRT(POWER(M80-$M$12,2)+POWER(N80-$N$12,2)) -> 0.43387671 | U80: =(-449*((M80-0.332)/(N80-0.1858))^3)+(3525*((M80-0.332)/(N80-0.1858))^2)+(-6823.3*(M80-0.332)/(N80-0.1858))+5520.33 -> 2021.2824 | AY80: =$L$11 -> 70.8 | AZ80: =$O$11 -> 900 | BA80: =$Q$11 -> 1000 | BB80: =$R$13 -> 0.005
B81: #62 | L81: =1/2*((F81*I81+H81*K81+J81*G81)-(G81*H81+I81*J81+K81*F81))/0.1582*100 -> 0 | Q81: =O81/P81 -> #DIV/0! | R81: =SQRT(POWER(M81-$M$12,2)+POWER(N81-$N$12,2)) -> 0.43387671 | U81: =(-449*((M81-0.332)/(N81-0.1858))^3)+(3525*((M81-0.332)/(N81-0.1858))^2)+(-6823.3*(M81-0.332)/(N81-0.1858))+5520.33 -> 2021.2824 | V81: =1/2*((P81*S81+R81*U81+T81*Q81)-(Q81*R81+S81*T81+U81*P81))/0.1582*100 -> #DIV/0! | AY81: =$L$11 -> 70.8 | AZ81: =$O$11 -> 900 | BA81: =$Q$11 -> 1000 | BB81: =$R$13 -> 0.005
B82: #63 | L82: =1/2*((F82*I82+H82*K82+J82*G82)-(G82*H82+I82*J82+K82*F82))/0.1582*100 -> 0 | Q82: =O82/P82 -> #DIV/0! | R82: =SQRT(POWER(M82-$M$12,2)+POWER(N82-$N$12,2)) -> 0.43387671 | U82: =(-449*((M82-0.332)/(N82-0.1858))^3)+(3525*((M82-0.332)/(N82-0.1858))^2)+(-6823.3*(M82-0.332)/(N82-0.1858))+5520.33 -> 2021.2824 | V82: =1/2*((P82*S82+R82*U82+T82*Q82)-(Q82*R82+S82*T82+U82*P82))/0.1582*100 -> #DIV/0! | AY82: =$L$11 -> 70.8 | AZ82: =$O$11 -> 900 | BA82: =$Q$11 -> 1000 | BB82: =$R$13 -> 0.005
B83: #64 | L83: =1/2*((F83*I83+H83*K83+J83*G83)-(G83*H83+I83*J83+K83*F83))/0.1582*100 -> 0 | Q83: =O83/P83 -> #DIV/0! | R83: =SQRT(POWER(M83-$M$12,2)+POWER(N83-$N$12,2)) -> 0.43387671 | U83: =(-449*((M83-0.332)/(N83-0.1858))^3)+(3525*((M83-0.332)/(N83-0.1858))^2)+(-6823.3*(M83-0.332)/(N83-0.1858))+5520.33 -> 2021.2824 | V83: =1/2*((P83*S83+R83*U83+T83*Q83)-(Q83*R83+S83*T83+U83*P83))/0.1582*100 -> #DIV/0! | AY83: =$L$11 -> 70.8 | AZ83: =$O$11 -> 900 | BA83: =$Q$11 -> 1000 | BB83: =$R$13 -> 0.005
B84: #65 | L84: =1/2*((F84*I84+H84*K84+J84*G84)-(G84*H84+I84*J84+K84*F84))/0.1582*100 -> 0 | Q84: =O84/P84 -> #DIV/0! | R84: =SQRT(POWER(M84-$M$12,2)+POWER(N84-$N$12,2)) -> 0.43387671 | U84: =(-449*((M84-0.332)/(N84-0.1858))^3)+(3525*((M84-0.332)/(N84-0.1858))^2)+(-6823.3*(M84-0.332)/(N84-0.1858))+5520.33 -> 2021.2824 | V84: =1/2*((P84*S84+R84*U84+T84*Q84)-(Q84*R84+S84*T84+U84*P84))/0.1582*100 -> #DIV/0! | AY84: =$L$11 -> 70.8 | AZ84: =$O$11 -> 900 | BA84: =$Q$11 -> 1000 | BB84: =$R$13 -> 0.005
B85: #66 | L85: =1/2*((F85*I85+H85*K85+J85*G85)-(G85*H85+I85*J85+K85*F85))/0.1582*100 -> 0 | Q85: =O85/P85 -> #DIV/0! | R85: =SQRT(POWER(M85-$M$12,2)+POWER(N85-$N$12,2)) -> 0.43387671 | U85: =(-449*((M85-0.332)/(N85-0.1858))^3)+(3525*((M85-0.332)/(N85-0.1858))^2)+(-6823.3*(M85-0.332)/(N85-0.1858))+5520.33 -> 2021.2824 | V85: =1/2*((P85*S85+R85*U85+T85*Q85)-(Q85*R85+S85*T85+U85*P85))/0.1582*100 -> #DIV/0! | AY85: =$L$11 -> 70.8 | AZ85: =$O$11 -> 900 | BA85: =$Q$11 -> 1000 | BB85: =$R$13 -> 0.005
B86: #67 | L86: =1/2*((F86*I86+H86*K86+J86*G86)-(G86*H86+I86*J86+K86*F86))/0.1582*100 -> 0 | Q86: =O86/P86 -> #DIV/0! | R86: =SQRT(POWER(M86-$M$12,2)+POWER(N86-$N$12,2)) -> 0.43387671 | U86: =(-449*((M86-0.332)/(N86-0.1858))^3)+(3525*((M86-0.332)/(N86-0.1858))^2)+(-6823.3*(M86-0.332)/(N86-0.1858))+5520.33 -> 2021.2824 | V86: =1/2*((P86*S86+R86*U86+T86*Q86)-(Q86*R86+S86*T86+U86*P86))/0.1582*100 -> #DIV/0! | AY86: =$L$11 -> 70.8 | AZ86: =$O$11 -> 900 | BA86: =$Q$11 -> 1000 | BB86: =$R$13 -> 0.005
B87: #68 | L87: =1/2*((F87*I87+H87*K87+J87*G87)-(G87*H87+I87*J87+K87*F87))/0.1582*100 -> 0 | Q87: =O87/P87 -> #DIV/0! | R87: =SQRT(POWER(M87-$M$12,2)+POWER(N87-$N$12,2)) -> 0.43387671 | U87: =(-449*((M87-0.332)/(N87-0.1858))^3)+(3525*((M87-0.332)/(N87-0.1858))^2)+(-6823.3*(M87-0.332)/(N87-0.1858))+5520.33 -> 2021.2824 | V87: =1/2*((P87*S87+R87*U87+T87*Q87)-(Q87*R87+S87*T87+U87*P87))/0.1582*100 -> #DIV/0! | AY87: =$L$11 -> 70.8 | AZ87: =$O$11 -> 900 | BA87: =$Q$11 -> 1000 | BB87: =$R$13 -> 0.005
B88: #69 | L88: =1/2*((F88*I88+H88*K88+J88*G88)-(G88*H88+I88*J88+K88*F88))/0.1582*100 -> 0 | Q88: =O88/P88 -> #DIV/0! | R88: =SQRT(POWER(M88-$M$12,2)+POWER(N88-$N$12,2)) -> 0.43387671 | U88: =(-449*((M88-0.332)/(N88-0.1858))^3)+(3525*((M88-0.332)/(N88-0.1858))^2)+(-6823.3*(M88-0.332)/(N88-0.1858))+5520.33 -> 2021.2824 | V88: =1/2*((P88*S88+R88*U88+T88*Q88)-(Q88*R88+S88*T88+U88*P88))/0.1582*100 -> #DIV/0! | AY88: =$L$11 -> 70.8 | AZ88: =$O$11 -> 900 | BA88: =$Q$11 -> 1000 | BB88: =$R$13 -> 0.005
B89: #70 | L89: =1/2*((F89*I89+H89*K89+J89*G89)-(G89*H89+I89*J89+K89*F89))/0.1582*100 -> 0 | Q89: =O89/P89 -> #DIV/0! | R89: =SQRT(POWER(M89-$M$12,2)+POWER(N89-$N$12,2)) -> 0.43387671 | U89: =(-449*((M89-0.332)/(N89-0.1858))^3)+(3525*((M89-0.332)/(N89-0.1858))^2)+(-6823.3*(M89-0.332)/(N89-0.1858))+5520.33 -> 2021.2824 | V89: =1/2*((P89*S89+R89*U89+T89*Q89)-(Q89*R89+S89*T89+U89*P89))/0.1582*100 -> #DIV/0! | AY89: =$L$11 -> 70.8 | AZ89: =$O$11 -> 900 | BA89: =$Q$11 -> 1000 | BB89: =$R$13 -> 0.005
B90: #71 | L90: =1/2*((F90*I90+H90*K90+J90*G90)-(G90*H90+I90*J90+K90*F90))/0.1582*100 -> 0 | Q90: =O90/P90 -> #DIV/0! | R90: =SQRT(POWER(M90-$M$12,2)+POWER(N90-$N$12,2)) -> 0.43387671 | U90: =(-449*((M90-0.332)/(N90-0.1858))^3)+(3525*((M90-0.332)/(N90-0.1858))^2)+(-6823.3*(M90-0.332)/(N90-0.1858))+5520.33 -> 2021.2824 | V90: =1/2*((P90*S90+R90*U90+T90*Q90)-(Q90*R90+S90*T90+U90*P90))/0.1582*100 -> #DIV/0! | AY90: =$L$11 -> 70.8 | AZ90: =$O$11 -> 900 | BA90: =$Q$11 -> 1000 | BB90: =$R$13 -> 0.005
B91: #72 | L91: =1/2*((F91*I91+H91*K91+J91*G91)-(G91*H91+I91*J91+K91*F91))/0.1582*100 -> 0 | Q91: =O91/P91 -> #DIV/0! | R91: =SQRT(POWER(M91-$M$12,2)+POWER(N91-$N$12,2)) -> 0.43387671 | U91: =(-449*((M91-0.332)/(N91-0.1858))^3)+(3525*((M91-0.332)/(N91-0.1858))^2)+(-6823.3*(M91-0.332)/(N91-0.1858))+5520.33 -> 2021.2824 | V91: =1/2*((P91*S91+R91*U91+T91*Q91)-(Q91*R91+S91*T91+U91*P91))/0.1582*100 -> #DIV/0! | AY91: =$L$11 -> 70.8 | AZ91: =$O$11 -> 900 | BA91: =$Q$11 -> 1000 | BB91: =$R$13 -> 0.005
B92: #73 | L92: =1/2*((F92*I92+H92*K92+J92*G92)-(G92*H92+I92*J92+K92*F92))/0.1582*100 -> 0 | Q92: =O92/P92 -> #DIV/0! | R92: =SQRT(POWER(M92-$M$12,2)+POWER(N92-$N$12,2)) -> 0.43387671 | U92: =(-449*((M92-0.332)/(N92-0.1858))^3)+(3525*((M92-0.332)/(N92-0.1858))^2)+(-6823.3*(M92-0.332)/(N92-0.1858))+5520.33 -> 2021.2824 | V92: =1/2*((P92*S92+R92*U92+T92*Q92)-(Q92*R92+S92*T92+U92*P92))/0.1582*100 -> #DIV/0! | AY92: =$L$11 -> 70.8 | AZ92: =$O$11 -> 900 | BA92: =$Q$11 -> 1000 | BB92: =$R$13 -> 0.005
... B96: #77 | L96: =1/2*((F96*I96+H96*K96+J96*G96)-(G96*H96+I96*J96+K96*F96))/0.1582*100 -> 0 | Q96: =O96/P96 -> #DIV/0! | R96: =SQRT(POWER(M96-$M$12,2)+POWER(N96-$N$12,2)) -> 0.43387671 | U96: =(-449*((M96-0.332)/(N96-0.1858))^3)+(3525*((M96-0.332)/(N96-0.1858))^2)+(-6823.3*(M96-0.332)/(N96-0.1858))+5520.33 -> 2021.2824 | V96: =1/2*((P96*S96+R96*U96+T96*Q96)-(Q96*R96+S96*T96+U96*P96))/0.1582*100 -> #DIV/0! | AY96: =$L$11 -> 70.8 | AZ96: =$O$11 -> 900 | BA96: =$Q$11 -> 1000 | BB96: =$R$13 -> 0.005
B97: #78 | L97: =1/2*((F97*I97+H97*K97+J97*G97)-(G97*H97+I97*J97+K97*F97))/0.1582*100 -> 0 | Q97: =O97/P97 -> #DIV/0! | R97: =SQRT(POWER(M97-$M$12,2)+POWER(N97-$N$12,2)) -> 0.43387671 | U97: =(-449*((M97-0.332)/(N97-0.1858))^3)+(3525*((M97-0.332)/(N97-0.1858))^2)+(-6823.3*(M97-0.332)/(N97-0.1858))+5520.33 -> 2021.2824 | V97: =1/2*((P97*S97+R97*U97+T97*Q97)-(Q97*R97+S97*T97+U97*P97))/0.1582*100 -> #DIV/0!
B98: #79 | L98: =1/2*((F98*I98+H98*K98+J98*G98)-(G98*H98+I98*J98+K98*F98))/0.1582*100 -> 0 | Q98: =O98/P98 -> #DIV/0! | R98: =SQRT(POWER(M98-$M$12,2)+POWER(N98-$N$12,2)) -> 0.43387671 | U98: =(-449*((M98-0.332)/(N98-0.1858))^3)+(3525*((M98-0.332)/(N98-0.1858))^2)+(-6823.3*(M98-0.332)/(N98-0.1858))+5520.33 -> 2021.2824 | V98: =1/2*((P98*S98+R98*U98+T98*Q98)-(Q98*R98+S98*T98+U98*P98))/0.1582*100 -> #DIV/0!
B99: #80 | L99: =1/2*((F99*I99+H99*K99+J99*G99)-(G99*H99+I99*J99+K99*F99))/0.1582*100 -> 0 | Q99: =O99/P99 -> #DIV/0! | R99: =SQRT(POWER(M99-$M$12,2)+POWER(N99-$N$12,2)) -> 0.43387671 | U99: =(-449*((M99-0.332)/(N99-0.1858))^3)+(3525*((M99-0.332)/(N99-0.1858))^2)+(-6823.3*(M99-0.332)/(N99-0.1858))+5520.33 -> 2021.2824 | V99: =1/2*((P99*S99+R99*U99+T99*Q99)-(Q99*R99+S99*T99+U99*P99))/0.1582*100 -> #DIV/0!
B100: #81 | L100: =1/2*((F100*I100+H100*K100+J100*G100)-(G100*H100+I100*J100+K100*F100))/0.1582*100 -> 0 | Q100: =O100/P100 -> #DIV/0! | R100: =SQRT(POWER(M100-$M$12,2)+POWER(N100-$N$12,2)) -> 0.43387671 | U100: =(-449*((M100-0.332)/(N100-0.1858))^3)+(3525*((M100-0.332)/(N100-0.1858))^2)+(-6823.3*(M100-0.332)/(N100-0.1858))+5520.33 -> 2021.2824 | V100: =1/2*((P100*S100+R100*U100+T100*Q100)-(Q100*R100+S100*T100+U100*P100))/0.1582*100 -> #DIV/0!
B101: #82 | L101: =1/2*((F101*I101+H101*K101+J101*G101)-(G101*H101+I101*J101+K101*F101))/0.1582*100 -> 0 | Q101: =O101/P101 -> #DIV/0! | R101: =SQRT(POWER(M101-$M$12,2)+POWER(N101-$N$12,2)) -> 0.43387671 | U101: =(-449*((M101-0.332)/(N101-0.1858))^3)+(3525*((M101-0.332)/(N101-0.1858))^2)+(-6823.3*(M101-0.332)/(N101-0.1858))+5520.33 -> 2021.2824 | V101: =1/2*((P101*S101+R101*U101+T101*Q101)-(Q101*R101+S101*T101+U101*P101))/0.1582*100 -> #DIV/0!
B102: #83 | L102: =1/2*((F102*I102+H102*K102+J102*G102)-(G102*H102+I102*J102+K102*F102))/0.1582*100 -> 0 | Q102: =O102/P102 -> #DIV/0! | R102: =SQRT(POWER(M102-$M$12,2)+POWER(N102-$N$12,2)) -> 0.43387671 | U102: =(-449*((M102-0.332)/(N102-0.1858))^3)+(3525*((M102-0.332)/(N102-0.1858))^2)+(-6823.3*(M102-0.332)/(N102-0.1858))+5520.33 -> 2021.2824 | V102: =1/2*((P102*S102+R102*U102+T102*Q102)-(Q102*R102+S102*T102+U102*P102))/0.1582*100 -> #DIV/0!
B103: #84 | L103: =1/2*((F103*I103+H103*K103+J103*G103)-(G103*H103+I103*J103+K103*F103))/0.1582*100 -> 0 | Q103: =O103/P103 -> #DIV/0! | R103: =SQRT(POWER(M103-$M$12,2)+POWER(N103-$N$12,2)) -> 0.43387671 | U103: =(-449*((M103-0.332)/(N103-0.1858))^3)+(3525*((M103-0.332)/(N103-0.1858))^2)+(-6823.3*(M103-0.332)/(N103-0.1858))+5520.33 -> 2021.2824 | V103: =1/2*((P103*S103+R103*U103+T103*Q103)-(Q103*R103+S103*T103+U103*P103))/0.1582*100 -> #DIV/0!
B104: #85 | L104: =1/2*((F104*I104+H104*K104+J104*G104)-(G104*H104+I104*J104+K104*F104))/0.1582*100 -> 0 | Q104: =O104/P104 -> #DIV/0! | R104: =SQRT(POWER(M104-$M$12,2)+POWER(N104-$N$12,2)) -> 0.43387671 | U104: =(-449*((M104-0.332)/(N104-0.1858))^3)+(3525*((M104-0.332)/(N104-0.1858))^2)+(-6823.3*(M104-0.332)/(N104-0.1858))+5520.33 -> 2021.2824 | V104: =1/2*((P104*S104+R104*U104+T104*Q104)-(Q104*R104+S104*T104+U104*P104))/0.1582*100 -> #DIV/0!
B105: #86 | L105: =1/2*((F105*I105+H105*K105+J105*G105)-(G105*H105+I105*J105+K105*F105))/0.1582*100 -> 0 | Q105: =O105/P105 -> #DIV/0! | R105: =SQRT(POWER(M105-$M$12,2)+POWER(N105-$N$12,2)) -> 0.43387671 | U105: =(-449*((M105-0.332)/(N105-0.1858))^3)+(3525*((M105-0.332)/(N105-0.1858))^2)+(-6823.3*(M105-0.332)/(N105-0.1858))+5520.33 -> 2021.2824 | V105: =1/2*((P105*S105+R105*U105+T105*Q105)-(Q105*R105+S105*T105+U105*P105))/0.1582*100 -> #DIV/0!
B106: #87 | L106: =1/2*((F106*I106+H106*K106+J106*G106)-(G106*H106+I106*J106+K106*F106))/0.1582*100 -> 0 | Q106: =O106/P106 -> #DIV/0! | R106: =SQRT(POWER(M106-$M$12,2)+POWER(N106-$N$12,2)) -> 0.43387671 | U106: =(-449*((M106-0.332)/(N106-0.1858))^3)+(3525*((M106-0.332)/(N106-0.1858))^2)+(-6823.3*(M106-0.332)/(N106-0.1858))+5520.33 -> 2021.2824 | V106: =1/2*((P106*S106+R106*U106+T106*Q106)-(Q106*R106+S106*T106+U106*P106))/0.1582*100 -> #DIV/0!
B107: #88 | L107: =1/2*((F107*I107+H107*K107+J107*G107)-(G107*H107+I107*J107+K107*F107))/0.1582*100 -> 0 | Q107: =O107/P107 -> #DIV/0! | R107: =SQRT(POWER(M107-$M$12,2)+POWER(N107-$N$12,2)) -> 0.43387671 | U107: =(-449*((M107-0.332)/(N107-0.1858))^3)+(3525*((M107-0.332)/(N107-0.1858))^2)+(-6823.3*(M107-0.332)/(N107-0.1858))+5520.33 -> 2021.2824 | V107: =1/2*((P107*S107+R107*U107+T107*Q107)-(Q107*R107+S107*T107+U107*P107))/0.1582*100 -> #DIV/0!
B108: #89 | L108: =1/2*((F108*I108+H108*K108+J108*G108)-(G108*H108+I108*J108+K108*F108))/0.1582*100 -> 0 | Q108: =O108/P108 -> #DIV/0! | R108: =SQRT(POWER(M108-$M$12,2)+POWER(N108-$N$12,2)) -> 0.43387671 | U108: =(-449*((M108-0.332)/(N108-0.1858))^3)+(3525*((M108-0.332)/(N108-0.1858))^2)+(-6823.3*(M108-0.332)/(N108-0.1858))+5520.33 -> 2021.2824 | V108: =1/2*((P108*S108+R108*U108+T108*Q108)-(Q108*R108+S108*T108+U108*P108))/0.1582*100 -> #DIV/0!
... B600: #581 | L600: =1/2*((F600*I600+H600*K600+J600*G600)-(G600*H600+I600*J600+K600*F600))/0.1582*100 -> 0 | Q600: =O600/P600 -> #DIV/0! | R600: =SQRT(POWER(M600-$M$12,2)+POWER(N600-$N$12,2)) -> 0.43387671 | U600: =(-449*((M600-0.332)/(N600-0.1858))^3)+(3525*((M600-0.332)/(N600-0.1858))^2)+(-6823.3*(M600-0.332)/(N600-0.1858))+5520.33 -> 2021.2824 | V600: =1/2*((P600*S600+R600*U600+T600*Q600)-(Q600*R600+S600*T600+U600*P600))/0.1582*100 -> #DIV/0!
B601: #582 | L601: =1/2*((F601*I601+H601*K601+J601*G601)-(G601*H601+I601*J601+K601*F601))/0.1582*100 -> 0 | Q601: =O601/P601 -> #DIV/0! | R601: =SQRT(POWER(M601-$M$12,2)+POWER(N601-$N$12,2)) -> 0.43387671 | U601: =(-449*((M601-0.332)/(N601-0.1858))^3)+(3525*((M601-0.332)/(N601-0.1858))^2)+(-6823.3*(M601-0.332)/(N601-0.1858))+5520.33 -> 2021.2824
B602: #583 | L602: =1/2*((F602*I602+H602*K602+J602*G602)-(G602*H602+I602*J602+K602*F602))/0.1582*100 -> 0 | Q602: =O602/P602 -> #DIV/0! | R602: =SQRT(POWER(M602-$M$12,2)+POWER(N602-$N$12,2)) -> 0.43387671 | U602: =(-449*((M602-0.332)/(N602-0.1858))^3)+(3525*((M602-0.332)/(N602-0.1858))^2)+(-6823.3*(M602-0.332)/(N602-0.1858))+5520.33 -> 2021.2824
B603: #584 | L603: =1/2*((F603*I603+H603*K603+J603*G603)-(G603*H603+I603*J603+K603*F603))/0.1582*100 -> 0 | Q603: =O603/P603 -> #DIV/0! | R603: =SQRT(POWER(M603-$M$12,2)+POWER(N603-$N$12,2)) -> 0.43387671 | U603: =(-449*((M603-0.332)/(N603-0.1858))^3)+(3525*((M603-0.332)/(N603-0.1858))^2)+(-6823.3*(M603-0.332)/(N603-0.1858))+5520.33 -> 2021.2824
B604: #585 | L604: =1/2*((F604*I604+H604*K604+J604*G604)-(G604*H604+I604*J604+K604*F604))/0.1582*100 -> 0 | Q604: =O604/P604 -> #DIV/0! | R604: =SQRT(POWER(M604-$M$12,2)+POWER(N604-$N$12,2)) -> 0.43387671 | U604: =(-449*((M604-0.332)/(N604-0.1858))^3)+(3525*((M604-0.332)/(N604-0.1858))^2)+(-6823.3*(M604-0.332)/(N604-0.1858))+5520.33 -> 2021.2824
B605: #586 | L605: =1/2*((F605*I605+H605*K605+J605*G605)-(G605*H605+I605*J605+K605*F605))/0.1582*100 -> 0 | Q605: =O605/P605 -> #DIV/0! | R605: =SQRT(POWER(M605-$M$12,2)+POWER(N605-$N$12,2)) -> 0.43387671 | U605: =(-449*((M605-0.332)/(N605-0.1858))^3)+(3525*((M605-0.332)/(N605-0.1858))^2)+(-6823.3*(M605-0.332)/(N605-0.1858))+5520.33 -> 2021.2824
B606: #587 | L606: =1/2*((F606*I606+H606*K606+J606*G606)-(G606*H606+I606*J606+K606*F606))/0.1582*100 -> 0 | Q606: =O606/P606 -> #DIV/0! | R606: =SQRT(POWER(M606-$M$12,2)+POWER(N606-$N$12,2)) -> 0.43387671 | U606: =(-449*((M606-0.332)/(N606-0.1858))^3)+(3525*((M606-0.332)/(N606-0.1858))^2)+(-6823.3*(M606-0.332)/(N606-0.1858))+5520.33 -> 2021.2824
B607: #588 | L607: =1/2*((F607*I607+H607*K607+J607*G607)-(G607*H607+I607*J607+K607*F607))/0.1582*100 -> 0 | Q607: =O607/P607 -> #DIV/0! | R607: =SQRT(POWER(M607-$M$12,2)+POWER(N607-$N$12,2)) -> 0.43387671 | U607: =(-449*((M607-0.332)/(N607-0.1858))^3)+(3525*((M607-0.332)/(N607-0.1858))^2)+(-6823.3*(M607-0.332)/(N607-0.1858))+5520.33 -> 2021.2824
B608: #589 | L608: =1/2*((F608*I608+H608*K608+J608*G608)-(G608*H608+I608*J608+K608*F608))/0.1582*100 -> 0 | Q608: =O608/P608 -> #DIV/0! | R608: =SQRT(POWER(M608-$M$12,2)+POWER(N608-$N$12,2)) -> 0.43387671 | U608: =(-449*((M608-0.332)/(N608-0.1858))^3)+(3525*((M608-0.332)/(N608-0.1858))^2)+(-6823.3*(M608-0.332)/(N608-0.1858))+5520.33 -> 2021.2824
B609: #590 | L609: =1/2*((F609*I609+H609*K609+J609*G609)-(G609*H609+I609*J609+K609*F609))/0.1582*100 -> 0 | Q609: =O609/P609 -> #DIV/0! | R609: =SQRT(POWER(M609-$M$12,2)+POWER(N609-$N$12,2)) -> 0.43387671 | U609: =(-449*((M609-0.332)/(N609-0.1858))^3)+(3525*((M609-0.332)/(N609-0.1858))^2)+(-6823.3*(M609-0.332)/(N609-0.1858))+5520.33 -> 2021.2824
...

Sheet 양식
F1: =R2&"-"&R3&"-"&R4&" Optical Measurement" -> WINE-VDA129BLAC01- Optical Measurement
P2: • Cut. Model : | R2: WINE
P3: • Model : | R3: VDA129BLAC01
P4: • Event :
P5: • Date : | R5: 2026-
P6: • Measure M/C : | R6: CA-410
P7: • Measure Q'ty : | R7: =COUNTA(C20:C225)&"ea" -> 0ea
B9: No. | C9: 구분 | F9: RED | H9: GREEN | J9: BLUE | L9: 색재현율 | M9: White | P9: Black | Q9: CR | R9: GCS | S9: Uniformity | U9: CCT | V9: ADIM | X9: Color | Z9: HEX | AA9: Remark
C10: Lot ID | D10: FOG | E10: CAL | F10: X | G10: Y | H10: X | I10: Y | J10: X | K10: Y | M10: X | N10: Y | O10: Luminance | P10: Luminance | S10: White | T10: Black | V10: Hex | W10: Luminance | X10: X | Y10: Y
B11: Spec. Min | F11: =F12-F14 -> 0.61 | G11: =G12-G14 -> 0.321 | H11: =H12-H14 -> 0.262 | I11: =I12-I14 -> 0.617 | J11: =J12-J14 -> 0.12 | K11: =K12-K14 -> 0.03 | L11: 70.8 | O11: 900 | Q11: 1000 | S11: 80 | T11: 50
B12: Spec. Typ | F12: 0.64 | G12: 0.351 | H12: 0.292 | I12: 0.647 | J12: 0.15 | K12: 0.06 | M12: 0.293 | N12: 0.32 | U12: 7800
B13: Spec. Max | F13: =F12+F14 -> 0.67 | G13: =G12+G14 -> 0.381 | H13: =H12+H14 -> 0.322 | I13: =I12+I14 -> 0.677 | J13: =J12+J14 -> 0.18 | K13: =K12+K14 -> 0.09 | O13: 945 | R13: 0.005
B14: Spec. Tol. | F14: 0.03 | G14: 0.03 | H14: 0.03 | I14: 0.03 | J14: 0.03 | K14: 0.03
B15: Avg. | F15: =AVERAGE(F20:F225) -> #DIV/0! | G15: =AVERAGE(G20:G225) -> #DIV/0! | H15: =AVERAGE(H20:H225) -> #DIV/0! | I15: =AVERAGE(I20:I225) -> #DIV/0! | J15: =AVERAGE(J20:J225) -> #DIV/0! | K15: =AVERAGE(K20:K225) -> #DIV/0! | L15: =AVERAGE(L20:L225) -> 0 | M15: =AVERAGE(M20:M225) -> #DIV/0! | ... T15: =AVERAGE(T20:T225) -> #DIV/0! | U15: =AVERAGE(U20:U76) -> 2021.2824 | V15: =AVERAGE(V20:V76) -> #DIV/0! | W15: =AVERAGE(W20:W76) -> #DIV/0! | X15: =AVERAGE(X20:X76) -> #DIV/0! | Y15: =AVERAGE(Y20:Y76) -> #DIV/0! | Z15: =AVERAGE(Z20:Z76) -> #DIV/0!
B16: Shift | F16: =F15-F12 -> #DIV/0! | G16: =G15-G12 -> #DIV/0! | H16: =H15-H12 -> #DIV/0! | I16: =I15-I12 -> #DIV/0! | J16: =J15-J12 -> #DIV/0! | K16: =K15-K12 -> #DIV/0! | L16: =L15-L12 -> 0 | M16: =M15-M12 -> #DIV/0! | ... Z16: =Z15-Z12 -> #DIV/0!
B17: Min. | F17: =MIN(F20:F225) -> 0 | G17: =MIN(G20:G225) -> 0 | H17: =MIN(H20:H225) -> 0 | I17: =MIN(I20:I225) -> 0 | J17: =MIN(J20:J225) -> 0 | K17: =MIN(K20:K225) -> 0 | L17: =MIN(L20:L225) -> 0 | M17: =MIN(M20:M225) -> 0 | ... T17: =MIN(T20:T225) -> 0 | U17: =MIN(U20:U76) -> 2021.2824 | V17: =MIN(V20:V76) -> 0 | W17: =MIN(W20:W76) -> 0 | X17: =MIN(X20:X76) -> 0 | Y17: =MIN(Y20:Y76) -> 0 | Z17: =MIN(Z20:Z76) -> 0
B18: Max. | F18: =MAX(F20:F225) -> 0 | G18: =MAX(G20:G225) -> 0 | H18: =MAX(H20:H225) -> 0 | I18: =MAX(I20:I225) -> 0 | J18: =MAX(J20:J225) -> 0 | K18: =MAX(K20:K225) -> 0 | L18: =MAX(L20:L225) -> 0 | M18: =MAX(M20:M225) -> 0 | ... T18: =MAX(T20:T225) -> 0 | U18: =MAX(U20:U76) -> 2021.2824 | V18: =MAX(V20:V76) -> 0 | W18: =MAX(W20:W76) -> 0 | X18: =MAX(X20:X76) -> 0 | Y18: =MAX(Y20:Y76) -> 0 | Z18: =MAX(Z20:Z76) -> 0 | AY18: Spec 표기 해당 영역 측정 수 만큼 수정
B19: CPK | D19: BU_TSP_Judge | E19: LMK_Judge | F19: =(1-ABS(((F13+F11)/2)-AVERAGE(F20:F225))/((F13-F11)/2))*((F13-F11)/(STDEV(F20:F225)*6)) -> #DIV/0! | G19: =(1-ABS(((G13+G11)/2)-AVERAGE(G20:G225))/((G13-G11)/2))*((G13-G11)/(STDEV(G20:G225)*6)) -> #DIV/0! | H19: =(1-ABS(((H13+H11)/2)-AVERAGE(H20:H225))/((H13-H11)/2))*((H13-H11)/(STDEV(H20:H225)*6)) -> #DIV/0! | I19: =(1-ABS(((I13+I11)/2)-AVERAGE(I20:I225))/((I13-I11)/2))*((I13-I11)/(STDEV(I20:I225)*6)) -> #DIV/0! | J19: =(1-ABS(((J13+J11)/2)-AVERAGE(J20:J225))/((J13-J11)/2))*((J13-J11)/(STDEV(J20:J225)*6)) -> #DIV/0! | K19: =(1-ABS(((K13+K11)/2)-AVERAGE(K20:K225))/((K13-K11)/2))*((K13-K11)/(STDEV(K20:K225)*6)) -> #DIV/0! | L19: =((AVERAGE(L20:L225)-L11)/(3*STDEV(L20:L225))) -> #DIV/0! | M19: =(1-ABS(((M13+M11)/2)-AVERAGE(M20:M225))/((M13-M11)/2))*((M13-M11)/(STDEV(M20:M225)*6)) -> #DIV/0! | N19: =(1-ABS(((N13+N11)/2)-AVERAGE(N20:N225))/((N13-N11)/2))*((N13-N11)/(STDEV(N20:N225)*6)) -> #DIV/0! | O19: =((AVERAGE(O20:O225)-O11)/(3*STDEV(O20:O225))) -> #DIV/0! | P19: =(1-ABS(((P13+P11)/2)-AVERAGE(P20:P225))/((P13-P11)/2))*((P13-P11)/(STDEV(P20:P225)*6)) -> #DIV/0! | Q19: =((AVERAGE(Q20:Q225)-Q11)/(3*STDEV(Q20:Q225))) -> #DIV/0! | R19: =(R13-AVERAGE(R20:R225))/(3*STDEV(R20:R225)) -> -8.0277259e+13 | S19: =((AVERAGE(S20:S225)-S11)/(3*STDEV(S20:S225))) -> #DIV/0! | T19: =((AVERAGE(T20:T225)-T11)/(3*STDEV(T20:T225))) -> #DIV/0! | U19: =(1-ABS(((U13+U11)/2)-AVERAGE(U20:U225))/((U13-U11)/2))*((U13-U11)/(STDEV(U20:U225)*6)) -> #DIV/0! | V19: =(1-ABS(((V13+V11)/2)-AVERAGE(V20:V225))/((V13-V11)/2))*((V13-V11)/(STDEV(V20:V225)*6)) -> #DIV/0! | W19: =(1-ABS(((W13+W11)/2)-AVERAGE(W20:W225))/((W13-W11)/2))*((W13-W11)/(STDEV(W20:W225)*6)) -> #DIV/0! | X19: =(1-ABS(((X13+X11)/2)-AVERAGE(X20:X225))/((X13-X11)/2))*((X13-X11)/(STDEV(X20:X225)*6)) -> #DIV/0! | Y19: =(1-ABS(((Y13+Y11)/2)-AVERAGE(Y20:Y225))/((Y13-Y11)/2))*((Y13-Y11)/(STDEV(Y20:Y225)*6)) -> #DIV/0! | Z19: =(1-ABS(((Z13+Z11)/2)-AVERAGE(Z20:Z225))/((Z13-Z11)/2))*((Z13-Z11)/(STDEV(Z20:Z225)*6)) -> #DIV/0! | AY19: 색재현율 Spec | AZ19: 휘도 Spec | BA19: CR Spec | BB19: GCS Spec
B20: #1 | L20: =1/2*((F20*I20+H20*K20+J20*G20)-(G20*H20+I20*J20+K20*F20))/0.1582*100 -> 0 | Q20: =O20/P20 -> #DIV/0! | R20: =SQRT(POWER(M20-$M$12,2)+POWER(N20-$N$12,2)) -> 0.43387671 | U20: =(-449*((M20-0.332)/(N20-0.1858))^3)+(3525*((M20-0.332)/(N20-0.1858))^2)+(-6823.3*(M20-0.332)/(N20-0.1858))+5520.33 -> 2021.2824
B21: #2 | L21: =1/2*((F21*I21+H21*K21+J21*G21)-(G21*H21+I21*J21+K21*F21))/0.1582*100 -> 0 | Q21: =O21/P21 -> #DIV/0! | R21: =SQRT(POWER(M21-$M$12,2)+POWER(N21-$N$12,2)) -> 0.43387671 | U21: =(-449*((M21-0.332)/(N21-0.1858))^3)+(3525*((M21-0.332)/(N21-0.1858))^2)+(-6823.3*(M21-0.332)/(N21-0.1858))+5520.33 -> 2021.2824
B22: #3 | L22: =1/2*((F22*I22+H22*K22+J22*G22)-(G22*H22+I22*J22+K22*F22))/0.1582*100 -> 0 | Q22: =O22/P22 -> #DIV/0! | R22: =SQRT(POWER(M22-$M$12,2)+POWER(N22-$N$12,2)) -> 0.43387671 | U22: =(-449*((M22-0.332)/(N22-0.1858))^3)+(3525*((M22-0.332)/(N22-0.1858))^2)+(-6823.3*(M22-0.332)/(N22-0.1858))+5520.33 -> 2021.2824
B23: #4 | L23: =1/2*((F23*I23+H23*K23+J23*G23)-(G23*H23+I23*J23+K23*F23))/0.1582*100 -> 0 | Q23: =O23/P23 -> #DIV/0! | R23: =SQRT(POWER(M23-$M$12,2)+POWER(N23-$N$12,2)) -> 0.43387671 | U23: =(-449*((M23-0.332)/(N23-0.1858))^3)+(3525*((M23-0.332)/(N23-0.1858))^2)+(-6823.3*(M23-0.332)/(N23-0.1858))+5520.33 -> 2021.2824 | AY23: =$L$11 -> 70.8 | AZ23: =$O$11 -> 900 | BA23: =$Q$11 -> 1000 | BB23: =$R$13 -> 0.005
B24: #5 | L24: =1/2*((F24*I24+H24*K24+J24*G24)-(G24*H24+I24*J24+K24*F24))/0.1582*100 -> 0 | Q24: =O24/P24 -> #DIV/0! | R24: =SQRT(POWER(M24-$M$12,2)+POWER(N24-$N$12,2)) -> 0.43387671 | U24: =(-449*((M24-0.332)/(N24-0.1858))^3)+(3525*((M24-0.332)/(N24-0.1858))^2)+(-6823.3*(M24-0.332)/(N24-0.1858))+5520.33 -> 2021.2824 | AY24: =$L$11 -> 70.8 | AZ24: =$O$11 -> 900 | BA24: =$Q$11 -> 1000 | BB24: =$R$13 -> 0.005
B25: #6 | L25: =1/2*((F25*I25+H25*K25+J25*G25)-(G25*H25+I25*J25+K25*F25))/0.1582*100 -> 0 | Q25: =O25/P25 -> #DIV/0! | R25: =SQRT(POWER(M25-$M$12,2)+POWER(N25-$N$12,2)) -> 0.43387671 | U25: =(-449*((M25-0.332)/(N25-0.1858))^3)+(3525*((M25-0.332)/(N25-0.1858))^2)+(-6823.3*(M25-0.332)/(N25-0.1858))+5520.33 -> 2021.2824 | AY25: =$L$11 -> 70.8 | AZ25: =$O$11 -> 900 | BA25: =$Q$11 -> 1000 | BB25: =$R$13 -> 0.005
B26: #7 | L26: =1/2*((F26*I26+H26*K26+J26*G26)-(G26*H26+I26*J26+K26*F26))/0.1582*100 -> 0 | Q26: =O26/P26 -> #DIV/0! | R26: =SQRT(POWER(M26-$M$12,2)+POWER(N26-$N$12,2)) -> 0.43387671 | U26: =(-449*((M26-0.332)/(N26-0.1858))^3)+(3525*((M26-0.332)/(N26-0.1858))^2)+(-6823.3*(M26-0.332)/(N26-0.1858))+5520.33 -> 2021.2824 | AY26: =$L$11 -> 70.8 | AZ26: =$O$11 -> 900 | BA26: =$Q$11 -> 1000 | BB26: =$R$13 -> 0.005
B27: #8 | L27: =1/2*((F27*I27+H27*K27+J27*G27)-(G27*H27+I27*J27+K27*F27))/0.1582*100 -> 0 | Q27: =O27/P27 -> #DIV/0! | R27: =SQRT(POWER(M27-$M$12,2)+POWER(N27-$N$12,2)) -> 0.43387671 | U27: =(-449*((M27-0.332)/(N27-0.1858))^3)+(3525*((M27-0.332)/(N27-0.1858))^2)+(-6823.3*(M27-0.332)/(N27-0.1858))+5520.33 -> 2021.2824 | AY27: =$L$11 -> 70.8 | AZ27: =$O$11 -> 900 | BA27: =$Q$11 -> 1000 | BB27: =$R$13 -> 0.005
B28: #9 | L28: =1/2*((F28*I28+H28*K28+J28*G28)-(G28*H28+I28*J28+K28*F28))/0.1582*100 -> 0 | Q28: =O28/P28 -> #DIV/0! | R28: =SQRT(POWER(M28-$M$12,2)+POWER(N28-$N$12,2)) -> 0.43387671 | U28: =(-449*((M28-0.332)/(N28-0.1858))^3)+(3525*((M28-0.332)/(N28-0.1858))^2)+(-6823.3*(M28-0.332)/(N28-0.1858))+5520.33 -> 2021.2824 | AY28: =$L$11 -> 70.8 | AZ28: =$O$11 -> 900 | BA28: =$Q$11 -> 1000 | BB28: =$R$13 -> 0.005
B29: #10 | L29: =1/2*((F29*I29+H29*K29+J29*G29)-(G29*H29+I29*J29+K29*F29))/0.1582*100 -> 0 | Q29: =O29/P29 -> #DIV/0! | R29: =SQRT(POWER(M29-$M$12,2)+POWER(N29-$N$12,2)) -> 0.43387671 | U29: =(-449*((M29-0.332)/(N29-0.1858))^3)+(3525*((M29-0.332)/(N29-0.1858))^2)+(-6823.3*(M29-0.332)/(N29-0.1858))+5520.33 -> 2021.2824 | AY29: =$L$11 -> 70.8 | AZ29: =$O$11 -> 900 | BA29: =$Q$11 -> 1000 | BB29: =$R$13 -> 0.005
B30: #11 | L30: =1/2*((F30*I30+H30*K30+J30*G30)-(G30*H30+I30*J30+K30*F30))/0.1582*100 -> 0 | Q30: =O30/P30 -> #DIV/0! | R30: =SQRT(POWER(M30-$M$12,2)+POWER(N30-$N$12,2)) -> 0.43387671 | U30: =(-449*((M30-0.332)/(N30-0.1858))^3)+(3525*((M30-0.332)/(N30-0.1858))^2)+(-6823.3*(M30-0.332)/(N30-0.1858))+5520.33 -> 2021.2824 | AQ30: 0.61 | AR30: 0.321 | AY30: =$L$11 -> 70.8 | AZ30: =$O$11 -> 900 | BA30: =$Q$11 -> 1000 | BB30: =$R$13 -> 0.005
B31: #12 | L31: =1/2*((F31*I31+H31*K31+J31*G31)-(G31*H31+I31*J31+K31*F31))/0.1582*100 -> 0 | Q31: =O31/P31 -> #DIV/0! | R31: =SQRT(POWER(M31-$M$12,2)+POWER(N31-$N$12,2)) -> 0.43387671 | U31: =(-449*((M31-0.332)/(N31-0.1858))^3)+(3525*((M31-0.332)/(N31-0.1858))^2)+(-6823.3*(M31-0.332)/(N31-0.1858))+5520.33 -> 2021.2824 | AH31: 0.298 | AI31: 0.325 | AQ31: 0.61 | AR31: 0.381 | AY31: =$L$11 -> 70.8 | AZ31: =$O$11 -> 900 | BA31: =$Q$11 -> 1000 | BB31: =$R$13 -> 0.005
B32: #13 | L32: =1/2*((F32*I32+H32*K32+J32*G32)-(G32*H32+I32*J32+K32*F32))/0.1582*100 -> 0 | Q32: =O32/P32 -> #DIV/0! | R32: =SQRT(POWER(M32-$M$12,2)+POWER(N32-$N$12,2)) -> 0.43387671 | U32: =(-449*((M32-0.332)/(N32-0.1858))^3)+(3525*((M32-0.332)/(N32-0.1858))^2)+(-6823.3*(M32-0.332)/(N32-0.1858))+5520.33 -> 2021.2824 | AH32: 0.298 | AI32: 0.315 | AQ32: 0.67 | AR32: 0.381 | AY32: =$L$11 -> 70.8 | AZ32: =$O$11 -> 900 | BA32: =$Q$11 -> 1000 | BB32: =$R$13 -> 0.005
B33: #14 | L33: =1/2*((F33*I33+H33*K33+J33*G33)-(G33*H33+I33*J33+K33*F33))/0.1582*100 -> 0 | Q33: =O33/P33 -> #DIV/0! | R33: =SQRT(POWER(M33-$M$12,2)+POWER(N33-$N$12,2)) -> 0.43387671 | U33: =(-449*((M33-0.332)/(N33-0.1858))^3)+(3525*((M33-0.332)/(N33-0.1858))^2)+(-6823.3*(M33-0.332)/(N33-0.1858))+5520.33 -> 2021.2824 | AH33: 0.288 | AI33: 0.315 | AQ33: 0.67 | AR33: 0.321 | AY33: =$L$11 -> 70.8 | AZ33: =$O$11 -> 900 | BA33: =$Q$11 -> 1000 | BB33: =$R$13 -> 0.005
B34: #15 | L34: =1/2*((F34*I34+H34*K34+J34*G34)-(G34*H34+I34*J34+K34*F34))/0.1582*100 -> 0 | Q34: =O34/P34 -> #DIV/0! | R34: =SQRT(POWER(M34-$M$12,2)+POWER(N34-$N$12,2)) -> 0.43387671 | U34: =(-449*((M34-0.332)/(N34-0.1858))^3)+(3525*((M34-0.332)/(N34-0.1858))^2)+(-6823.3*(M34-0.332)/(N34-0.1858))+5520.33 -> 2021.2824 | AQ34: 0.61 | AR34: 0.321 | AY34: =$L$11 -> 70.8 | AZ34: =$O$11 -> 900 | BA34: =$Q$11 -> 1000 | BB34: =$R$13 -> 0.005
B35: #16 | L35: =1/2*((F35*I35+H35*K35+J35*G35)-(G35*H35+I35*J35+K35*F35))/0.1582*100 -> 0 | Q35: =O35/P35 -> #DIV/0! | R35: =SQRT(POWER(M35-$M$12,2)+POWER(N35-$N$12,2)) -> 0.43387671 | U35: =(-449*((M35-0.332)/(N35-0.1858))^3)+(3525*((M35-0.332)/(N35-0.1858))^2)+(-6823.3*(M35-0.332)/(N35-0.1858))+5520.33 -> 2021.2824 | AY35: =$L$11 -> 70.8 | AZ35: =$O$11 -> 900 | BA35: =$Q$11 -> 1000 | BB35: =$R$13 -> 0.005
B36: #17 | L36: =1/2*((F36*I36+H36*K36+J36*G36)-(G36*H36+I36*J36+K36*F36))/0.1582*100 -> 0 | Q36: =O36/P36 -> #DIV/0! | R36: =SQRT(POWER(M36-$M$12,2)+POWER(N36-$N$12,2)) -> 0.43387671 | U36: =(-449*((M36-0.332)/(N36-0.1858))^3)+(3525*((M36-0.332)/(N36-0.1858))^2)+(-6823.3*(M36-0.332)/(N36-0.1858))+5520.33 -> 2021.2824 | AY36: =$L$11 -> 70.8 | AZ36: =$O$11 -> 900 | BA36: =$Q$11 -> 1000 | BB36: =$R$13 -> 0.005
B37: #18 | L37: =1/2*((F37*I37+H37*K37+J37*G37)-(G37*H37+I37*J37+K37*F37))/0.1582*100 -> 0 | Q37: =O37/P37 -> #DIV/0! | R37: =SQRT(POWER(M37-$M$12,2)+POWER(N37-$N$12,2)) -> 0.43387671 | U37: =(-449*((M37-0.332)/(N37-0.1858))^3)+(3525*((M37-0.332)/(N37-0.1858))^2)+(-6823.3*(M37-0.332)/(N37-0.1858))+5520.33 -> 2021.2824 | AY37: =$L$11 -> 70.8 | AZ37: =$O$11 -> 900 | BA37: =$Q$11 -> 1000 | BB37: =$R$13 -> 0.005
B38: #19 | L38: =1/2*((F38*I38+H38*K38+J38*G38)-(G38*H38+I38*J38+K38*F38))/0.1582*100 -> 0 | Q38: =O38/P38 -> #DIV/0! | R38: =SQRT(POWER(M38-$M$12,2)+POWER(N38-$N$12,2)) -> 0.43387671 | U38: =(-449*((M38-0.332)/(N38-0.1858))^3)+(3525*((M38-0.332)/(N38-0.1858))^2)+(-6823.3*(M38-0.332)/(N38-0.1858))+5520.33 -> 2021.2824 | AY38: =$L$11 -> 70.8 | AZ38: =$O$11 -> 900 | BA38: =$Q$11 -> 1000 | BB38: =$R$13 -> 0.005
B39: #20 | L39: =1/2*((F39*I39+H39*K39+J39*G39)-(G39*H39+I39*J39+K39*F39))/0.1582*100 -> 0 | Q39: =O39/P39 -> #DIV/0! | R39: =SQRT(POWER(M39-$M$12,2)+POWER(N39-$N$12,2)) -> 0.43387671 | U39: =(-449*((M39-0.332)/(N39-0.1858))^3)+(3525*((M39-0.332)/(N39-0.1858))^2)+(-6823.3*(M39-0.332)/(N39-0.1858))+5520.33 -> 2021.2824 | AY39: =$L$11 -> 70.8 | AZ39: =$O$11 -> 900 | BA39: =$Q$11 -> 1000 | BB39: =$R$13 -> 0.005
B40: #21 | L40: =1/2*((F40*I40+H40*K40+J40*G40)-(G40*H40+I40*J40+K40*F40))/0.1582*100 -> 0 | Q40: =O40/P40 -> #DIV/0! | R40: =SQRT(POWER(M40-$M$12,2)+POWER(N40-$N$12,2)) -> 0.43387671 | U40: =(-449*((M40-0.332)/(N40-0.1858))^3)+(3525*((M40-0.332)/(N40-0.1858))^2)+(-6823.3*(M40-0.332)/(N40-0.1858))+5520.33 -> 2021.2824 | AY40: =$L$11 -> 70.8 | AZ40: =$O$11 -> 900 | BA40: =$Q$11 -> 1000 | BB40: =$R$13 -> 0.005
B41: #22 | L41: =1/2*((F41*I41+H41*K41+J41*G41)-(G41*H41+I41*J41+K41*F41))/0.1582*100 -> 0 | Q41: =O41/P41 -> #DIV/0! | R41: =SQRT(POWER(M41-$M$12,2)+POWER(N41-$N$12,2)) -> 0.43387671 | U41: =(-449*((M41-0.332)/(N41-0.1858))^3)+(3525*((M41-0.332)/(N41-0.1858))^2)+(-6823.3*(M41-0.332)/(N41-0.1858))+5520.33 -> 2021.2824 | AY41: =$L$11 -> 70.8 | AZ41: =$O$11 -> 900 | BA41: =$Q$11 -> 1000 | BB41: =$R$13 -> 0.005
B42: #23 | L42: =1/2*((F42*I42+H42*K42+J42*G42)-(G42*H42+I42*J42+K42*F42))/0.1582*100 -> 0 | Q42: =O42/P42 -> #DIV/0! | R42: =SQRT(POWER(M42-$M$12,2)+POWER(N42-$N$12,2)) -> 0.43387671 | U42: =(-449*((M42-0.332)/(N42-0.1858))^3)+(3525*((M42-0.332)/(N42-0.1858))^2)+(-6823.3*(M42-0.332)/(N42-0.1858))+5520.33 -> 2021.2824 | AY42: =$L$11 -> 70.8 | AZ42: =$O$11 -> 900 | BA42: =$Q$11 -> 1000 | BB42: =$R$13 -> 0.005
B43: #24 | L43: =1/2*((F43*I43+H43*K43+J43*G43)-(G43*H43+I43*J43+K43*F43))/0.1582*100 -> 0 | Q43: =O43/P43 -> #DIV/0! | R43: =SQRT(POWER(M43-$M$12,2)+POWER(N43-$N$12,2)) -> 0.43387671 | U43: =(-449*((M43-0.332)/(N43-0.1858))^3)+(3525*((M43-0.332)/(N43-0.1858))^2)+(-6823.3*(M43-0.332)/(N43-0.1858))+5520.33 -> 2021.2824 | AY43: =$L$11 -> 70.8 | AZ43: =$O$11 -> 900 | BA43: =$Q$11 -> 1000 | BB43: =$R$13 -> 0.005
B44: #25 | L44: =1/2*((F44*I44+H44*K44+J44*G44)-(G44*H44+I44*J44+K44*F44))/0.1582*100 -> 0 | Q44: =O44/P44 -> #DIV/0! | R44: =SQRT(POWER(M44-$M$12,2)+POWER(N44-$N$12,2)) -> 0.43387671 | U44: =(-449*((M44-0.332)/(N44-0.1858))^3)+(3525*((M44-0.332)/(N44-0.1858))^2)+(-6823.3*(M44-0.332)/(N44-0.1858))+5520.33 -> 2021.2824 | AY44: =$L$11 -> 70.8 | AZ44: =$O$11 -> 900 | BA44: =$Q$11 -> 1000 | BB44: =$R$13 -> 0.005
B45: #26 | L45: =1/2*((F45*I45+H45*K45+J45*G45)-(G45*H45+I45*J45+K45*F45))/0.1582*100 -> 0 | Q45: =O45/P45 -> #DIV/0! | R45: =SQRT(POWER(M45-$M$12,2)+POWER(N45-$N$12,2)) -> 0.43387671 | U45: =(-449*((M45-0.332)/(N45-0.1858))^3)+(3525*((M45-0.332)/(N45-0.1858))^2)+(-6823.3*(M45-0.332)/(N45-0.1858))+5520.33 -> 2021.2824 | AY45: =$L$11 -> 70.8 | AZ45: =$O$11 -> 900 | BA45: =$Q$11 -> 1000 | BB45: =$R$13 -> 0.005
B46: #27 | L46: =1/2*((F46*I46+H46*K46+J46*G46)-(G46*H46+I46*J46+K46*F46))/0.1582*100 -> 0 | Q46: =O46/P46 -> #DIV/0! | R46: =SQRT(POWER(M46-$M$12,2)+POWER(N46-$N$12,2)) -> 0.43387671 | U46: =(-449*((M46-0.332)/(N46-0.1858))^3)+(3525*((M46-0.332)/(N46-0.1858))^2)+(-6823.3*(M46-0.332)/(N46-0.1858))+5520.33 -> 2021.2824 | AY46: =$L$11 -> 70.8 | AZ46: =$O$11 -> 900 | BA46: =$Q$11 -> 1000 | BB46: =$R$13 -> 0.005
B47: #28 | L47: =1/2*((F47*I47+H47*K47+J47*G47)-(G47*H47+I47*J47+K47*F47))/0.1582*100 -> 0 | Q47: =O47/P47 -> #DIV/0! | R47: =SQRT(POWER(M47-$M$12,2)+POWER(N47-$N$12,2)) -> 0.43387671 | U47: =(-449*((M47-0.332)/(N47-0.1858))^3)+(3525*((M47-0.332)/(N47-0.1858))^2)+(-6823.3*(M47-0.332)/(N47-0.1858))+5520.33 -> 2021.2824 | AY47: =$L$11 -> 70.8 | AZ47: =$O$11 -> 900 | BA47: =$Q$11 -> 1000 | BB47: =$R$13 -> 0.005
B48: #29 | L48: =1/2*((F48*I48+H48*K48+J48*G48)-(G48*H48+I48*J48+K48*F48))/0.1582*100 -> 0 | Q48: =O48/P48 -> #DIV/0! | R48: =SQRT(POWER(M48-$M$12,2)+POWER(N48-$N$12,2)) -> 0.43387671 | U48: =(-449*((M48-0.332)/(N48-0.1858))^3)+(3525*((M48-0.332)/(N48-0.1858))^2)+(-6823.3*(M48-0.332)/(N48-0.1858))+5520.33 -> 2021.2824 | AH48: =H11 -> 0.262 | AI48: =I11 -> 0.617 | AQ48: =J11 -> 0.12 | AR48: =K11 -> 0.03 | AY48: =$L$11 -> 70.8 | AZ48: =$O$11 -> 900 | BA48: =$Q$11 -> 1000 | BB48: =$R$13 -> 0.005
B49: #30 | L49: =1/2*((F49*I49+H49*K49+J49*G49)-(G49*H49+I49*J49+K49*F49))/0.1582*100 -> 0 | Q49: =O49/P49 -> #DIV/0! | R49: =SQRT(POWER(M49-$M$12,2)+POWER(N49-$N$12,2)) -> 0.43387671 | U49: =(-449*((M49-0.332)/(N49-0.1858))^3)+(3525*((M49-0.332)/(N49-0.1858))^2)+(-6823.3*(M49-0.332)/(N49-0.1858))+5520.33 -> 2021.2824 | AH49: =H11 -> 0.262 | AI49: =I13 -> 0.677 | AQ49: =J11 -> 0.12 | AR49: =K13 -> 0.09 | AY49: =$L$11 -> 70.8 | AZ49: =$O$11 -> 900 | BA49: =$Q$11 -> 1000 | BB49: =$R$13 -> 0.005
B50: #31 | L50: =1/2*((F50*I50+H50*K50+J50*G50)-(G50*H50+I50*J50+K50*F50))/0.1582*100 -> 0 | Q50: =O50/P50 -> #DIV/0! | R50: =SQRT(POWER(M50-$M$12,2)+POWER(N50-$N$12,2)) -> 0.43387671 | U50: =(-449*((M50-0.332)/(N50-0.1858))^3)+(3525*((M50-0.332)/(N50-0.1858))^2)+(-6823.3*(M50-0.332)/(N50-0.1858))+5520.33 -> 2021.2824 | AH50: =H13 -> 0.322 | AI50: =I13 -> 0.677 | AQ50: =J13 -> 0.18 | AR50: =K13 -> 0.09 | AY50: =$L$11 -> 70.8 | AZ50: =$O$11 -> 900 | BA50: =$Q$11 -> 1000 | BB50: =$R$13 -> 0.005
B51: #32 | L51: =1/2*((F51*I51+H51*K51+J51*G51)-(G51*H51+I51*J51+K51*F51))/0.1582*100 -> 0 | Q51: =O51/P51 -> #DIV/0! | R51: =SQRT(POWER(M51-$M$12,2)+POWER(N51-$N$12,2)) -> 0.43387671 | U51: =(-449*((M51-0.332)/(N51-0.1858))^3)+(3525*((M51-0.332)/(N51-0.1858))^2)+(-6823.3*(M51-0.332)/(N51-0.1858))+5520.33 -> 2021.2824 | AH51: =H13 -> 0.322 | AI51: =I11 -> 0.617 | AQ51: =J13 -> 0.18 | AR51: =K11 -> 0.03 | AY51: =$L$11 -> 70.8 | AZ51: =$O$11 -> 900 | BA51: =$Q$11 -> 1000 | BB51: =$R$13 -> 0.005
B52: #33 | L52: =1/2*((F52*I52+H52*K52+J52*G52)-(G52*H52+I52*J52+K52*F52))/0.1582*100 -> 0 | Q52: =O52/P52 -> #DIV/0! | R52: =SQRT(POWER(M52-$M$12,2)+POWER(N52-$N$12,2)) -> 0.43387671 | U52: =(-449*((M52-0.332)/(N52-0.1858))^3)+(3525*((M52-0.332)/(N52-0.1858))^2)+(-6823.3*(M52-0.332)/(N52-0.1858))+5520.33 -> 2021.2824 | AH52: =H11 -> 0.262 | AI52: =I11 -> 0.617 | AQ52: =J11 -> 0.12 | AR52: =K11 -> 0.03 | AY52: =$L$11 -> 70.8 | AZ52: =$O$11 -> 900 | BA52: =$Q$11 -> 1000 | BB52: =$R$13 -> 0.005
B53: #34 | L53: =1/2*((F53*I53+H53*K53+J53*G53)-(G53*H53+I53*J53+K53*F53))/0.1582*100 -> 0 | Q53: =O53/P53 -> #DIV/0! | R53: =SQRT(POWER(M53-$M$12,2)+POWER(N53-$N$12,2)) -> 0.43387671 | U53: =(-449*((M53-0.332)/(N53-0.1858))^3)+(3525*((M53-0.332)/(N53-0.1858))^2)+(-6823.3*(M53-0.332)/(N53-0.1858))+5520.33 -> 2021.2824 | AI53: (Auto Update) | AR53: (Auto Update) | AY53: =$L$11 -> 70.8 | AZ53: =$O$11 -> 900 | BA53: =$Q$11 -> 1000 | BB53: =$R$13 -> 0.005
B54: #35 | L54: =1/2*((F54*I54+H54*K54+J54*G54)-(G54*H54+I54*J54+K54*F54))/0.1582*100 -> 0 | Q54: =O54/P54 -> #DIV/0! | R54: =SQRT(POWER(M54-$M$12,2)+POWER(N54-$N$12,2)) -> 0.43387671 | U54: =(-449*((M54-0.332)/(N54-0.1858))^3)+(3525*((M54-0.332)/(N54-0.1858))^2)+(-6823.3*(M54-0.332)/(N54-0.1858))+5520.33 -> 2021.2824 | AY54: =$L$11 -> 70.8 | AZ54: =$O$11 -> 900 | BA54: =$Q$11 -> 1000 | BB54: =$R$13 -> 0.005
B55: #36 | L55: =1/2*((F55*I55+H55*K55+J55*G55)-(G55*H55+I55*J55+K55*F55))/0.1582*100 -> 0 | Q55: =O55/P55 -> #DIV/0! | R55: =SQRT(POWER(M55-$M$12,2)+POWER(N55-$N$12,2)) -> 0.43387671 | U55: =(-449*((M55-0.332)/(N55-0.1858))^3)+(3525*((M55-0.332)/(N55-0.1858))^2)+(-6823.3*(M55-0.332)/(N55-0.1858))+5520.33 -> 2021.2824 | AY55: =$L$11 -> 70.8 | AZ55: =$O$11 -> 900 | BA55: =$Q$11 -> 1000 | BB55: =$R$13 -> 0.005
B56: #37 | L56: =1/2*((F56*I56+H56*K56+J56*G56)-(G56*H56+I56*J56+K56*F56))/0.1582*100 -> 0 | Q56: =O56/P56 -> #DIV/0! | R56: =SQRT(POWER(M56-$M$12,2)+POWER(N56-$N$12,2)) -> 0.43387671 | U56: =(-449*((M56-0.332)/(N56-0.1858))^3)+(3525*((M56-0.332)/(N56-0.1858))^2)+(-6823.3*(M56-0.332)/(N56-0.1858))+5520.33 -> 2021.2824 | AY56: =$L$11 -> 70.8 | AZ56: =$O$11 -> 900 | BA56: =$Q$11 -> 1000 | BB56: =$R$13 -> 0.005
B57: #38 | L57: =1/2*((F57*I57+H57*K57+J57*G57)-(G57*H57+I57*J57+K57*F57))/0.1582*100 -> 0 | Q57: =O57/P57 -> #DIV/0! | R57: =SQRT(POWER(M57-$M$12,2)+POWER(N57-$N$12,2)) -> 0.43387671 | U57: =(-449*((M57-0.332)/(N57-0.1858))^3)+(3525*((M57-0.332)/(N57-0.1858))^2)+(-6823.3*(M57-0.332)/(N57-0.1858))+5520.33 -> 2021.2824 | AY57: =$L$11 -> 70.8 | AZ57: =$O$11 -> 900 | BA57: =$Q$11 -> 1000 | BB57: =$R$13 -> 0.005
B58: #39 | L58: =1/2*((F58*I58+H58*K58+J58*G58)-(G58*H58+I58*J58+K58*F58))/0.1582*100 -> 0 | Q58: =O58/P58 -> #DIV/0! | R58: =SQRT(POWER(M58-$M$12,2)+POWER(N58-$N$12,2)) -> 0.43387671 | U58: =(-449*((M58-0.332)/(N58-0.1858))^3)+(3525*((M58-0.332)/(N58-0.1858))^2)+(-6823.3*(M58-0.332)/(N58-0.1858))+5520.33 -> 2021.2824 | AY58: =$L$11 -> 70.8 | AZ58: =$O$11 -> 900 | BA58: =$Q$11 -> 1000 | BB58: =$R$13 -> 0.005
B59: #40 | L59: =1/2*((F59*I59+H59*K59+J59*G59)-(G59*H59+I59*J59+K59*F59))/0.1582*100 -> 0 | Q59: =O59/P59 -> #DIV/0! | R59: =SQRT(POWER(M59-$M$12,2)+POWER(N59-$N$12,2)) -> 0.43387671 | U59: =(-449*((M59-0.332)/(N59-0.1858))^3)+(3525*((M59-0.332)/(N59-0.1858))^2)+(-6823.3*(M59-0.332)/(N59-0.1858))+5520.33 -> 2021.2824 | AY59: =$L$11 -> 70.8 | AZ59: =$O$11 -> 900 | BA59: =$Q$11 -> 1000 | BB59: =$R$13 -> 0.005
B60: #41 | L60: =1/2*((F60*I60+H60*K60+J60*G60)-(G60*H60+I60*J60+K60*F60))/0.1582*100 -> 0 | Q60: =O60/P60 -> #DIV/0! | R60: =SQRT(POWER(M60-$M$12,2)+POWER(N60-$N$12,2)) -> 0.43387671 | U60: =(-449*((M60-0.332)/(N60-0.1858))^3)+(3525*((M60-0.332)/(N60-0.1858))^2)+(-6823.3*(M60-0.332)/(N60-0.1858))+5520.33 -> 2021.2824 | AY60: =$L$11 -> 70.8 | AZ60: =$O$11 -> 900 | BA60: =$Q$11 -> 1000 | BB60: =$R$13 -> 0.005
B61: #42 | L61: =1/2*((F61*I61+H61*K61+J61*G61)-(G61*H61+I61*J61+K61*F61))/0.1582*100 -> 0 | Q61: =O61/P61 -> #DIV/0! | R61: =SQRT(POWER(M61-$M$12,2)+POWER(N61-$N$12,2)) -> 0.43387671 | U61: =(-449*((M61-0.332)/(N61-0.1858))^3)+(3525*((M61-0.332)/(N61-0.1858))^2)+(-6823.3*(M61-0.332)/(N61-0.1858))+5520.33 -> 2021.2824 | AY61: =$L$11 -> 70.8 | AZ61: =$O$11 -> 900 | BA61: =$Q$11 -> 1000 | BB61: =$R$13 -> 0.005
B62: #43 | L62: =1/2*((F62*I62+H62*K62+J62*G62)-(G62*H62+I62*J62+K62*F62))/0.1582*100 -> 0 | Q62: =O62/P62 -> #DIV/0! | R62: =SQRT(POWER(M62-$M$12,2)+POWER(N62-$N$12,2)) -> 0.43387671 | U62: =(-449*((M62-0.332)/(N62-0.1858))^3)+(3525*((M62-0.332)/(N62-0.1858))^2)+(-6823.3*(M62-0.332)/(N62-0.1858))+5520.33 -> 2021.2824 | AY62: =$L$11 -> 70.8 | AZ62: =$O$11 -> 900 | BA62: =$Q$11 -> 1000 | BB62: =$R$13 -> 0.005
B63: #44 | L63: =1/2*((F63*I63+H63*K63+J63*G63)-(G63*H63+I63*J63+K63*F63))/0.1582*100 -> 0 | Q63: =O63/P63 -> #DIV/0! | R63: =SQRT(POWER(M63-$M$12,2)+POWER(N63-$N$12,2)) -> 0.43387671 | U63: =(-449*((M63-0.332)/(N63-0.1858))^3)+(3525*((M63-0.332)/(N63-0.1858))^2)+(-6823.3*(M63-0.332)/(N63-0.1858))+5520.33 -> 2021.2824 | AY63: =$L$11 -> 70.8 | AZ63: =$O$11 -> 900 | BA63: =$Q$11 -> 1000 | BB63: =$R$13 -> 0.005
B64: #45 | L64: =1/2*((F64*I64+H64*K64+J64*G64)-(G64*H64+I64*J64+K64*F64))/0.1582*100 -> 0 | Q64: =O64/P64 -> #DIV/0! | R64: =SQRT(POWER(M64-$M$12,2)+POWER(N64-$N$12,2)) -> 0.43387671 | U64: =(-449*((M64-0.332)/(N64-0.1858))^3)+(3525*((M64-0.332)/(N64-0.1858))^2)+(-6823.3*(M64-0.332)/(N64-0.1858))+5520.33 -> 2021.2824 | AY64: =$L$11 -> 70.8 | AZ64: =$O$11 -> 900 | BA64: =$Q$11 -> 1000 | BB64: =$R$13 -> 0.005
B65: #46 | L65: =1/2*((F65*I65+H65*K65+J65*G65)-(G65*H65+I65*J65+K65*F65))/0.1582*100 -> 0 | Q65: =O65/P65 -> #DIV/0! | R65: =SQRT(POWER(M65-$M$12,2)+POWER(N65-$N$12,2)) -> 0.43387671 | U65: =(-449*((M65-0.332)/(N65-0.1858))^3)+(3525*((M65-0.332)/(N65-0.1858))^2)+(-6823.3*(M65-0.332)/(N65-0.1858))+5520.33 -> 2021.2824 | AY65: =$L$11 -> 70.8 | AZ65: =$O$11 -> 900 | BA65: =$Q$11 -> 1000 | BB65: =$R$13 -> 0.005
... B96: #77 | L96: =1/2*((F96*I96+H96*K96+J96*G96)-(G96*H96+I96*J96+K96*F96))/0.1582*100 -> 0 | Q96: =O96/P96 -> #DIV/0! | R96: =SQRT(POWER(M96-$M$12,2)+POWER(N96-$N$12,2)) -> 0.43387671 | U96: =(-449*((M96-0.332)/(N96-0.1858))^3)+(3525*((M96-0.332)/(N96-0.1858))^2)+(-6823.3*(M96-0.332)/(N96-0.1858))+5520.33 -> 2021.2824 | AY96: =$L$11 -> 70.8 | AZ96: =$O$11 -> 900 | BA96: =$Q$11 -> 1000 | BB96: =$R$13 -> 0.005
B97: #78 | L97: =1/2*((F97*I97+H97*K97+J97*G97)-(G97*H97+I97*J97+K97*F97))/0.1582*100 -> 0 | Q97: =O97/P97 -> #DIV/0! | R97: =SQRT(POWER(M97-$M$12,2)+POWER(N97-$N$12,2)) -> 0.43387671 | U97: =(-449*((M97-0.332)/(N97-0.1858))^3)+(3525*((M97-0.332)/(N97-0.1858))^2)+(-6823.3*(M97-0.332)/(N97-0.1858))+5520.33 -> 2021.2824
B98: #79 | L98: =1/2*((F98*I98+H98*K98+J98*G98)-(G98*H98+I98*J98+K98*F98))/0.1582*100 -> 0 | Q98: =O98/P98 -> #DIV/0! | R98: =SQRT(POWER(M98-$M$12,2)+POWER(N98-$N$12,2)) -> 0.43387671 | U98: =(-449*((M98-0.332)/(N98-0.1858))^3)+(3525*((M98-0.332)/(N98-0.1858))^2)+(-6823.3*(M98-0.332)/(N98-0.1858))+5520.33 -> 2021.2824
B99: #80 | L99: =1/2*((F99*I99+H99*K99+J99*G99)-(G99*H99+I99*J99+K99*F99))/0.1582*100 -> 0 | Q99: =O99/P99 -> #DIV/0! | R99: =SQRT(POWER(M99-$M$12,2)+POWER(N99-$N$12,2)) -> 0.43387671 | U99: =(-449*((M99-0.332)/(N99-0.1858))^3)+(3525*((M99-0.332)/(N99-0.1858))^2)+(-6823.3*(M99-0.332)/(N99-0.1858))+5520.33 -> 2021.2824
B100: #81 | L100: =1/2*((F100*I100+H100*K100+J100*G100)-(G100*H100+I100*J100+K100*F100))/0.1582*100 -> 0 | Q100: =O100/P100 -> #DIV/0! | R100: =SQRT(POWER(M100-$M$12,2)+POWER(N100-$N$12,2)) -> 0.43387671 | U100: =(-449*((M100-0.332)/(N100-0.1858))^3)+(3525*((M100-0.332)/(N100-0.1858))^2)+(-6823.3*(M100-0.332)/(N100-0.1858))+5520.33 -> 2021.2824
B101: #82 | L101: =1/2*((F101*I101+H101*K101+J101*G101)-(G101*H101+I101*J101+K101*F101))/0.1582*100 -> 0 | Q101: =O101/P101 -> #DIV/0! | R101: =SQRT(POWER(M101-$M$12,2)+POWER(N101-$N$12,2)) -> 0.43387671 | U101: =(-449*((M101-0.332)/(N101-0.1858))^3)+(3525*((M101-0.332)/(N101-0.1858))^2)+(-6823.3*(M101-0.332)/(N101-0.1858))+5520.33 -> 2021.2824
B102: #83 | L102: =1/2*((F102*I102+H102*K102+J102*G102)-(G102*H102+I102*J102+K102*F102))/0.1582*100 -> 0 | Q102: =O102/P102 -> #DIV/0! | R102: =SQRT(POWER(M102-$M$12,2)+POWER(N102-$N$12,2)) -> 0.43387671 | U102: =(-449*((M102-0.332)/(N102-0.1858))^3)+(3525*((M102-0.332)/(N102-0.1858))^2)+(-6823.3*(M102-0.332)/(N102-0.1858))+5520.33 -> 2021.2824
B103: #84 | L103: =1/2*((F103*I103+H103*K103+J103*G103)-(G103*H103+I103*J103+K103*F103))/0.1582*100 -> 0 | Q103: =O103/P103 -> #DIV/0! | R103: =SQRT(POWER(M103-$M$12,2)+POWER(N103-$N$12,2)) -> 0.43387671 | U103: =(-449*((M103-0.332)/(N103-0.1858))^3)+(3525*((M103-0.332)/(N103-0.1858))^2)+(-6823.3*(M103-0.332)/(N103-0.1858))+5520.33 -> 2021.2824
B104: #85 | L104: =1/2*((F104*I104+H104*K104+J104*G104)-(G104*H104+I104*J104+K104*F104))/0.1582*100 -> 0 | Q104: =O104/P104 -> #DIV/0! | R104: =SQRT(POWER(M104-$M$12,2)+POWER(N104-$N$12,2)) -> 0.43387671 | U104: =(-449*((M104-0.332)/(N104-0.1858))^3)+(3525*((M104-0.332)/(N104-0.1858))^2)+(-6823.3*(M104-0.332)/(N104-0.1858))+5520.33 -> 2021.2824
B105: #86 | L105: =1/2*((F105*I105+H105*K105+J105*G105)-(G105*H105+I105*J105+K105*F105))/0.1582*100 -> 0 | Q105: =O105/P105 -> #DIV/0! | R105: =SQRT(POWER(M105-$M$12,2)+POWER(N105-$N$12,2)) -> 0.43387671 | U105: =(-449*((M105-0.332)/(N105-0.1858))^3)+(3525*((M105-0.332)/(N105-0.1858))^2)+(-6823.3*(M105-0.332)/(N105-0.1858))+5520.33 -> 2021.2824
B106: #87 | L106: =1/2*((F106*I106+H106*K106+J106*G106)-(G106*H106+I106*J106+K106*F106))/0.1582*100 -> 0 | Q106: =O106/P106 -> #DIV/0! | R106: =SQRT(POWER(M106-$M$12,2)+POWER(N106-$N$12,2)) -> 0.43387671 | U106: =(-449*((M106-0.332)/(N106-0.1858))^3)+(3525*((M106-0.332)/(N106-0.1858))^2)+(-6823.3*(M106-0.332)/(N106-0.1858))+5520.33 -> 2021.2824
B107: #88 | L107: =1/2*((F107*I107+H107*K107+J107*G107)-(G107*H107+I107*J107+K107*F107))/0.1582*100 -> 0 | Q107: =O107/P107 -> #DIV/0! | R107: =SQRT(POWER(M107-$M$12,2)+POWER(N107-$N$12,2)) -> 0.43387671 | U107: =(-449*((M107-0.332)/(N107-0.1858))^3)+(3525*((M107-0.332)/(N107-0.1858))^2)+(-6823.3*(M107-0.332)/(N107-0.1858))+5520.33 -> 2021.2824
B108: #89 | L108: =1/2*((F108*I108+H108*K108+J108*G108)-(G108*H108+I108*J108+K108*F108))/0.1582*100 -> 0 | Q108: =O108/P108 -> #DIV/0! | R108: =SQRT(POWER(M108-$M$12,2)+POWER(N108-$N$12,2)) -> 0.43387671 | U108: =(-449*((M108-0.332)/(N108-0.1858))^3)+(3525*((M108-0.332)/(N108-0.1858))^2)+(-6823.3*(M108-0.332)/(N108-0.1858))+5520.33 -> 2021.2824
... B219: #200 | L219: =1/2*((F219*I219+H219*K219+J219*G219)-(G219*H219+I219*J219+K219*F219))/0.1582*100 -> 0 | Q219: =O219/P219 -> #DIV/0! | R219: =SQRT(POWER(M219-$M$12,2)+POWER(N219-$N$12,2)) -> 0.43387671 | U219: =(-449*((M219-0.332)/(N219-0.1858))^3)+(3525*((M219-0.332)/(N219-0.1858))^2)+(-6823.3*(M219-0.332)/(N219-0.1858))+5520.33 -> 2021.2824
B220: #201
B221: #202
B222: #203
B223: #204
B224: #205
B225: #206
C230: GJ96111000VMA129BLAC01260202A00004
C231: GJ96111000VMA129BLAC01260202A00005
C232: GJ96111000VMA129BLAC01260202A00006
C233: GJ96111000VMA129BLAC01260202A00007
C234: GJ96111000VMA129BLAC01260202A00009
C235: GJ96111000VMA129BLAC01260202A00010
C236: GJ96111000VMA129BLAC01260202A00011
C237: GJ96111000VMA129BLAC01260202A00012
C238: GJ96111000VMA129BLAC01260202A00014
C239: GJ96111000VMA129BLAC01260202A00015
C240: GJ96111000VMA129BLAC01260202A00016
C241: GJ96111000VMA129BLAC01260202A00017
... C429: GJ96111000VMA129BLAC01260202A00260
